id,renda_mensal,tempo_cliente_anos,score_comportamento,uso_credito_pct,aprovado,perfil_risco
1,6703.58,4.14,686.7,42.19,0,Médio
2,7740.9,4.92,643.4,73.84,0,Médio
3,10219.44,5.71,643.6,62.21,0,Alto
4,11691.34,3.98,700.5,22.95,1,Baixo
5,3918.22,2.49,551.8,34.66,0,Médio
6,3949.15,3.26,755.5,42.93,0,Baixo
7,4941.58,6.36,840.5,58.64,1,Médio
8,6401.32,5.14,445.1,21.19,0,Baixo
9,2673.48,5.38,524.0,64.87,0,Alto
10,8127.08,4.13,605.7,76.31,1,Médio
11,6006.22,10.02,519.8,35.59,0,Baixo
12,5126.95,3.14,785.8,8.02,1,Baixo
13,5753.79,3.89,811.9,31.56,1,Médio
14,5436.8,14.17,669.1,55.82,1,Baixo
15,3258.4,4.88,669.3,71.31,0,Alto
16,5373.89,5.84,601.4,12.37,0,Baixo
17,3890.4,2.22,656.2,45.06,1,Alto
18,8290.69,8.31,554.4,46.37,0,Médio
19,5652.22,14.63,537.4,12.1,0,Baixo
20,2638.23,2.59,434.1,44.23,1,Médio
21,4758.73,6.36,574.6,19.66,0,Baixo
22,4298.95,3.64,582.1,28.62,1,Alto
23,3949.4,3.79,840.0,78.15,1,Alto
24,8513.47,0.28,503.7,0.49,1,Baixo
25,7412.63,2.83,564.4,0,0,Baixo
26,6928.64,4.77,613.4,17.18,1,Baixo
27,11144.53,5.5,659.8,28.14,1,Baixo
28,4961.53,6.85,743.6,86.87,1,Alto
29,8326.44,4.86,575.8,75.22,0,Médio
30,2258.86,9.86,695.2,41.32,0,Baixo
31,9760.7,7.15,683.9,42.43,0,Médio
32,6672.84,3.36,612.8,12.25,0,Baixo
33,7650.03,3.31,710.7,29.94,1,Médio
34,4273.05,0.1,698.1,45.05,0,Médio
35,4868.43,5.06,564.5,67.81,0,Médio
36,4124.52,0.1,641.7,38.07,0,Baixo
37,13940.08,7.14,682.1,69.87,1,Alto
38,26237.06,1.62,721.6,25.9,1,Médio
39,5846.56,4.58,755.3,47.65,0,Médio
40,6222.8,6.98,637.2,78.62,0,Médio
41,3140.61,0.24,546.2,68.29,0,Alto
42,4686.32,0.1,496.2,36.45,0,Médio
43,5494.66,2.86,630.1,41.3,0,Médio
44,3431.83,3.15,640.2,64.01,0,Médio
45,10196.81,1.4,490.2,58.94,1,Médio
46,11621.23,0.89,684.1,71.15,0,Médio
47,3827.95,7.61,595.2,43.09,0,Médio
48,8385.34,0.1,537.7,54.21,0,Alto
49,11059.66,3.59,522.0,39.2,0,Médio
50,1797.69,4.85,639.6,36.81,0,Baixo
51,8359.44,5.85,785.1,20.63,1,Baixo
52,5787.98,4.07,570.1,15.48,0,Baixo
53,6765.07,1.19,600.7,44.5,0,Médio
54,6744.1,5.94,646.3,59.11,0,Baixo
55,4421.91,4.73,634.5,27.79,0,Médio
56,11796.24,9.09,519.5,49.53,0,Baixo
57,2471.73,6.22,637.8,27.72,0,Baixo
58,6196.33,0.99,443.6,60.37,0,Alto
59,4510.12,3.5,573.0,49.0,1,Médio
60,7998.58,6.74,537.3,0,0,Baixo
61,20835.07,5.07,587.6,54.51,0,Alto
62,11898.02,7.94,581.1,45.35,1,Alto
63,11053.86,16.51,506.1,36.82,1,Baixo
64,7189.44,0.1,578.5,45.5,0,Médio
65,10280.94,1.83,643.1,19.09,1,Médio
66,4113.8,1.15,625.4,14.2,0,Médio
67,6704.18,6.7,720.8,35.79,0,Baixo
68,8437.75,8.57,593.6,86.29,0,Alto
69,2637.09,0.1,732.9,4.27,1,Baixo
70,6282.23,4.47,507.3,36.17,0,Baixo
71,11394.27,5.69,533.1,23.95,0,Médio
72,10057.98,4.44,516.4,41.05,0,Alto
73,4001.54,0.82,469.9,71.13,0,Médio
74,8404.78,0.1,729.7,63.08,1,Alto
75,4651.0,6.9,712.7,9.28,1,Baixo
76,3600.08,2.88,618.2,61.89,0,Médio
77,4495.93,2.34,543.5,44.97,1,Médio
78,4019.52,8.66,558.4,11.57,0,Baixo
79,6819.99,1.59,519.9,29.59,0,Baixo
80,5384.82,1.87,615.4,35.5,1,Alto
81,7905.45,5.69,555.9,56.41,0,Médio
82,3659.07,9.94,737.4,47.38,0,Médio
83,4045.56,11.06,650.9,0,0,Baixo
84,4457.46,3.04,782.6,71.36,1,Médio
85,7489.15,3.24,642.1,22.52,0,Médio
86,28260.86,7.23,559.6,62.2,0,Alto
87,6481.01,5.05,550.9,64.94,1,Médio
88,4379.63,10.81,619.8,58.62,1,Baixo
89,8899.49,4.4,512.0,49.62,0,Alto
90,6189.17,6.01,652.8,43.25,0,Baixo
91,2627.53,6.85,650.6,26.41,0,Baixo
92,17295.06,5.75,525.2,14.41,0,Baixo
93,5587.74,0.26,682.4,36.09,0,Médio
94,10327.13,5.3,515.6,30.4,0,Médio
95,6765.27,2.55,589.1,36.33,1,Médio
96,11340.55,0.33,606.3,41.04,1,Médio
97,11595.69,3.06,650.7,41.32,0,Médio
98,9840.31,7.09,646.9,48.68,0,Baixo
99,5644.54,4.55,573.3,28.76,0,Médio
100,4636.05,5.4,617.1,64.61,1,Alto
101,6884.97,3.66,524.4,48.38,0,Baixo
102,8530.91,0.1,521.8,30.8,0,Médio
103,3268.1,6.96,570.9,39.24,0,Médio
104,6945.82,8.61,635.9,19.58,0,Baixo
105,12186.92,3.22,581.0,66.62,1,Médio
106,12239.66,4.37,514.2,43.91,0,Médio
107,4615.84,5.17,647.6,82.5,1,Alto
108,5442.59,6.63,669.8,62.85,1,Médio
109,7276.22,3.73,483.0,82.2,0,Alto
110,4885.54,11.29,695.6,37.81,0,Baixo
111,8121.17,2.46,540.8,31.51,1,Baixo
112,3505.02,4.7,625.2,33.4,0,Baixo
113,5532.14,3.45,557.4,28.08,0,Médio
114,9038.4,9.92,879.1,24.3,1,Baixo
115,7863.02,4.5,756.0,64.67,1,Médio
116,2438.67,9.8,638.2,68.73,1,Alto
117,5435.1,10.05,543.5,22.1,0,Baixo
118,5768.18,2.85,684.2,53.08,0,Médio
119,5109.18,0.1,701.5,34.72,0,Baixo
120,5209.21,4.27,625.8,67.8,0,Médio
121,5117.37,0.1,418.6,44.91,0,Médio
122,5243.31,0.53,453.1,33.5,0,Médio
123,5731.66,6.55,637.2,94.44,0,Alto
124,3627.11,9.85,676.7,30.24,0,Baixo
125,12405.62,0.1,623.4,5.75,0,Baixo
126,4121.94,0.89,490.0,60.07,0,Alto
127,2428.35,0.74,749.3,21.67,1,Médio
128,5078.6,4.76,501.9,32.7,0,Médio
129,4795.23,4.5,666.6,42.67,0,Alto
130,5956.61,7.97,682.7,25.73,1,Baixo
131,5292.44,0.1,567.6,65.64,0,Alto
132,3585.2,4.41,496.1,35.35,0,Médio
133,5320.24,0.83,781.5,50.94,1,Médio
134,4356.1,3.93,554.2,76.04,0,Alto
135,6278.36,3.21,730.9,31.63,0,Médio
136,7950.75,0.21,648.5,46.19,0,Médio
137,5978.58,2.52,850.7,5.47,1,Baixo
138,3358.0,5.77,562.1,77.35,0,Alto
139,4620.55,4.24,691.3,59.95,1,Médio
140,6550.27,3.09,629.2,19.25,0,Médio
141,5326.19,0.1,626.3,30.96,0,Alto
142,5051.0,1.03,563.5,38.81,0,Alto
143,7030.71,7.66,605.2,50.57,0,Baixo
144,3943.72,4.28,516.4,48.99,0,Alto
145,7813.77,1.4,772.7,11.16,1,Baixo
146,13822.34,0.1,611.6,40.27,0,Médio
147,6488.15,1.43,524.3,51.74,0,Médio
148,2516.34,4.9,481.3,65.28,0,Médio
149,4024.46,1.76,606.9,67.52,1,Alto
150,6668.86,0.1,622.7,73.11,1,Alto
151,4832.42,9.71,551.5,43.35,0,Médio
152,4783.44,0.1,600.4,25.22,0,Alto
153,7154.8,1.32,536.1,46.55,0,Baixo
154,10386.44,7.14,434.8,73.4,0,Médio
155,6789.38,3.24,400.0,56.67,0,Médio
156,6412.8,4.44,791.8,28.83,1,Baixo
157,2392.83,5.55,501.0,45.63,0,Médio
158,4522.59,4.37,588.0,59.87,0,Médio
159,7035.14,6.52,675.0,23.46,0,Baixo
160,6723.21,9.29,656.6,54.44,0,Médio
161,7059.14,4.59,779.3,51.35,1,Médio
162,6062.72,4.05,669.9,60.86,1,Médio
163,9283.61,0.98,611.3,67.91,0,Alto
164,3513.83,0.1,900,72.5,0,Alto
165,7290.23,7.64,615.8,77.72,0,Médio
166,3510.8,3.36,469.2,38.6,1,Médio
167,6901.98,4.55,707.6,36.69,1,Médio
168,7742.01,7.15,768.8,55.88,1,Médio
169,2482.11,4.18,537.3,18.15,0,Baixo
170,7113.91,2.59,365.7,46.62,0,Médio
171,4071.05,0.1,650.6,34.19,0,Baixo
172,4678.92,3.68,490.2,5.39,0,Baixo
173,11256.46,6.55,768.9,40.48,1,Médio
174,3632.53,4.35,679.5,91.88,0,Alto
175,6122.23,11.85,775.6,3.67,0,Baixo
176,6666.85,3.63,668.9,61.1,0,Médio
177,7440.8,7.3,767.3,62.06,1,Baixo
178,10415.46,3.63,464.3,67.13,1,Alto
179,8397.55,0.82,631.6,72.84,1,Alto
180,12005.64,4.42,658.1,39.38,1,Baixo
181,5287.2,1.07,688.2,60.71,0,Médio
182,4873.77,0.3,632.3,46.05,0,Alto
183,3096.3,6.63,637.3,76.09,0,Alto
184,7873.11,1.41,597.8,23.43,1,Médio
185,3527.92,10.6,838.6,40.81,0,Baixo
186,10743.36,2.02,623.4,39.66,0,Baixo
187,9034.58,8.31,687.6,55.34,1,Médio
188,4763.59,0.59,613.7,56.64,0,Médio
189,2747.51,3.08,703.6,39.34,1,Baixo
190,5394.21,3.93,585.0,69.33,0,Médio
191,3562.7,2.75,585.2,59.68,0,Médio
192,4286.67,1.8,863.9,32.22,1,Baixo
193,8977.5,7.61,700.3,21.88,0,Baixo
194,3553.04,5.7,691.1,9.42,0,Baixo
195,7638.74,8.15,613.7,23.77,0,Baixo
196,6494.71,1.58,760.0,64.17,0,Alto
197,4388.15,7.82,598.5,61.99,0,Médio
198,10006.95,2.92,532.6,44.94,0,Alto
199,4015.82,2.41,637.9,20.13,0,Baixo
200,12909.74,10.05,594.8,33.17,1,Médio
201,4238.93,6.33,744.5,40.12,0,Baixo
202,16620.85,7.71,660.7,48.9,1,Médio
203,6369.56,0.89,545.3,27.62,0,Médio
204,3925.7,1.91,679.7,75.88,1,Alto
205,9144.89,8.57,619.9,32.93,1,Baixo
206,6053.02,4.84,580.7,24.09,1,Baixo
207,4122.05,6.24,711.5,43.24,0,Baixo
208,8713.66,0.1,664.1,44.34,1,Médio
209,9282.65,10.03,613.8,48.29,1,Baixo
210,4511.63,3.07,702.2,52.45,1,Médio
211,6995.24,9.96,581.4,100,0,Alto
212,11197.64,9.54,495.6,46.91,0,Baixo
213,6104.0,7.33,584.5,63.64,1,Alto
214,5340.9,0.98,555.0,41.69,0,Médio
215,6629.02,1.81,739.7,54.61,0,Baixo
216,7099.04,1.81,587.1,34.53,0,Alto
217,3913.77,2.8,758.4,48.19,1,Médio
218,5602.08,6.2,704.3,54.31,1,Médio
219,7520.99,6.28,617.7,42.18,0,Médio
220,16789.13,3.18,657.4,50.25,1,Médio
221,4974.01,0.41,577.7,15.18,0,Baixo
222,7876.21,8.16,811.1,60.8,1,Médio
223,11445.43,1.28,727.8,49.37,0,Baixo
224,9439.34,5.41,542.6,26.25,0,Baixo
225,4445.78,6.19,785.2,23.67,1,Baixo
226,3412.29,6.5,495.4,53.71,0,Médio
227,6514.84,4.15,563.5,71.79,1,Alto
228,6400.4,5.56,533.8,50.78,0,Médio
229,7501.75,3.54,618.4,55.73,0,Alto
230,5476.48,1.85,488.9,62.64,0,Médio
231,5781.7,6.1,550.0,42.37,0,Médio
232,5869.12,2.01,688.6,89.51,1,Alto
233,13416.6,4.29,575.9,29.06,0,Médio
234,11368.94,3.13,592.1,24.77,1,Baixo
235,6585.75,6.79,604.4,43.68,0,Baixo
236,2115.63,6.82,572.4,38.51,0,Baixo
237,4908.18,5.87,658.1,28.9,0,Baixo
238,4774.81,5.74,587.4,29.68,0,Baixo
239,5169.74,4.82,631.3,75.29,0,Alto
240,2220.95,1.14,654.4,46.1,1,Médio
241,3118.26,6.56,728.0,54.6,1,Médio
242,6781.71,6.51,592.6,66.77,0,Alto
243,6335.79,6.33,459.9,83.31,0,Alto
244,4175.97,2.53,659.1,90.9,0,Alto
245,7080.51,7.39,426.0,100,0,Alto
246,3249.84,9.34,670.8,13.07,0,Baixo
247,10723.59,3.15,722.8,58.5,1,Médio
248,8892.21,3.44,745.1,49.01,1,Médio
249,10556.06,6.68,667.8,53.43,0,Alto
250,7984.26,2.9,570.0,37.76,1,Médio
251,16334.35,6.71,606.4,0,1,Baixo
252,15481.63,4.29,549.6,50.68,1,Médio
253,10782.03,1.59,702.4,65.21,0,Alto
254,4758.1,5.57,655.6,42.42,0,Baixo
255,7243.68,3.7,622.6,57.36,0,Alto
256,11325.28,6.5,612.6,62.81,0,Médio
257,5545.7,2.22,510.5,46.56,0,Médio
258,5855.68,2.22,720.1,59.94,1,Alto
259,4496.55,9.45,679.9,40.38,0,Médio
260,9161.86,2.33,433.9,35.22,0,Médio
261,6101.54,6.0,484.2,36.89,0,Baixo
262,10851.46,3.49,609.7,93.31,1,Alto
263,4650.43,5.52,490.8,22.28,0,Médio
264,6334.89,0.1,593.5,71.55,0,Médio
265,4902.45,0.68,527.8,89.82,0,Médio
266,8531.84,1.24,599.1,70.13,0,Alto
267,8470.04,0.51,688.3,50.76,0,Alto
268,4096.26,0.1,568.8,44.49,1,Alto
269,4205.76,8.85,546.9,38.85,0,Baixo
270,6655.16,5.09,724.2,84.94,1,Alto
271,8544.18,4.11,716.8,83.0,0,Baixo
272,2251.4,1.03,535.3,99.02,0,Alto
273,13076.99,3.31,646.6,12.67,0,Baixo
274,13142.62,2.79,609.5,79.58,1,Alto
275,10760.11,1.92,498.5,39.24,0,Médio
276,6429.51,5.05,610.1,29.57,0,Médio
277,4569.76,6.22,672.9,58.38,0,Alto
278,2972.65,6.1,583.9,59.91,0,Alto
279,6019.63,2.52,674.1,85.71,1,Alto
280,3646.28,1.56,639.9,19.98,0,Médio
281,5802.05,8.26,688.9,30.05,0,Baixo
282,2636.01,7.44,672.1,75.79,0,Médio
283,6517.06,5.71,548.5,35.99,0,Médio
284,5250.7,4.42,821.4,29.23,0,Médio
285,4010.07,3.98,598.7,57.07,0,Baixo
286,7716.86,0.54,532.7,63.93,0,Alto
287,7128.26,3.13,588.2,50.03,0,Médio
288,4090.03,5.82,664.3,77.73,0,Alto
289,6997.83,7.73,681.0,43.32,1,Baixo
290,2657.39,7.93,560.3,78.27,1,Médio
291,4936.41,0.1,484.9,78.71,0,Alto
292,11606.36,7.63,633.5,34.69,0,Médio
293,12401.33,5.81,704.3,41.65,1,Baixo
294,5587.08,9.77,614.0,64.06,0,Alto
295,7318.44,0.1,598.7,71.76,1,Alto
296,6845.23,8.55,728.0,10.03,1,Baixo
297,3293.94,2.58,659.7,6.75,0,Baixo
298,3561.75,7.05,618.4,44.86,0,Baixo
299,5369.27,5.1,723.1,16.56,0,Baixo
300,2922.16,8.05,697.0,40.95,1,Médio
301,7270.11,2.92,580.7,64.9,0,Alto
302,11311.52,6.57,634.4,21.16,1,Baixo
303,5844.18,6.26,591.8,13.63,0,Baixo
304,7933.42,1.95,865.6,31.76,1,Baixo
305,18337.86,2.72,403.9,35.09,0,Médio
306,12248.98,0.1,591.3,26.77,1,Baixo
307,20058.79,3.11,799.5,54.58,1,Médio
308,4818.39,9.57,697.5,16.48,1,Baixo
309,9196.23,4.94,785.9,50.47,1,Médio
310,6252.7,2.15,618.9,75.63,0,Alto
311,9268.5,0.1,520.6,62.9,0,Alto
312,5300.35,7.91,706.1,66.25,0,Médio
313,7816.27,0.33,627.4,20.81,1,Baixo
314,6194.93,6.08,631.8,59.99,1,Alto
315,3869.23,1.13,533.3,77.22,0,Alto
316,3679.2,7.12,593.2,47.21,0,Alto
317,6182.84,8.87,676.6,51.5,0,Médio
318,7519.28,0.1,537.5,50.01,0,Médio
319,4427.27,2.17,546.1,77.72,0,Alto
320,5075.21,0.26,629.8,21.5,0,Baixo
321,9952.11,6.23,606.9,23.49,0,Baixo
322,7053.02,3.23,696.5,38.87,1,Médio
323,4290.24,5.57,566.2,61.49,0,Alto
324,5047.83,4.37,744.6,65.47,1,Alto
325,9440.56,0.28,660.1,35.01,1,Médio
326,2627.38,4.64,452.5,61.46,0,Médio
327,6300.58,0.1,506.7,52.63,0,Médio
328,6037.35,5.09,535.7,33.96,0,Baixo
329,8391.69,5.42,781.1,43.08,1,Médio
330,11082.55,4.44,677.6,67.82,0,Alto
331,5884.86,5.22,727.8,64.5,1,Médio
332,3795.51,7.26,442.9,39.46,0,Baixo
333,12325.96,1.41,610.4,67.14,0,Alto
334,4298.28,4.99,740.7,59.71,1,Médio
335,14167.67,0.87,632.6,48.19,0,Médio
336,3781.22,3.65,721.9,95.17,1,Alto
337,3358.98,10.92,611.3,64.83,0,Baixo
338,7811.03,8.77,498.4,53.47,1,Médio
339,5581.39,7.49,681.4,40.34,0,Médio
340,10992.27,4.69,529.5,42.08,1,Médio
341,7830.84,4.86,473.6,54.64,0,Médio
342,2629.6,10.91,650.6,16.98,0,Baixo
343,2793.66,4.36,806.6,26.38,1,Baixo
344,4792.89,7.4,618.1,63.82,0,Médio
345,5233.77,5.67,676.1,28.78,0,Baixo
346,10745.74,11.5,681.9,51.1,1,Baixo
347,9007.64,10.09,561.1,29.96,0,Baixo
348,6099.05,5.32,632.5,50.22,1,Médio
349,4936.61,0.1,602.7,53.69,0,Médio
350,6647.14,11.21,732.3,32.7,1,Médio
351,7252.22,8.53,594.1,49.63,0,Baixo
352,4426.26,4.11,730.1,37.67,1,Médio
353,5837.18,6.5,573.6,76.53,0,Médio
354,4421.25,0.1,579.3,36.31,0,Médio
355,6206.98,0.1,634.7,0,0,Baixo
356,3616.32,3.8,780.5,58.16,0,Médio
357,5436.1,6.7,624.8,27.95,0,Médio
358,4882.92,8.1,656.2,78.13,0,Alto
359,4756.22,4.21,689.1,25.38,1,Baixo
360,6291.68,2.63,637.7,26.87,0,Médio
361,5716.25,1.75,646.6,26.89,0,Alto
362,3470.39,8.94,585.2,34.02,0,Médio
363,5278.08,3.29,580.9,64.78,1,Médio
364,4415.44,3.5,600.7,61.78,0,Médio
365,11084.08,4.78,638.8,40.49,0,Baixo
366,11468.98,5.79,714.2,48.65,1,Alto
367,4936.74,3.54,750.3,73.51,1,Alto
368,6267.05,7.74,383.9,64.75,0,Médio
369,6312.21,3.42,701.6,6.47,0,Baixo
370,9039.83,4.54,608.0,45.55,1,Médio
371,5085.66,1.52,584.6,63.64,1,Alto
372,7326.6,5.61,612.3,5.02,0,Baixo
373,3765.74,4.74,637.4,70.91,1,Médio
374,3524.53,0.1,575.2,60.93,0,Alto
375,7548.91,2.45,631.6,67.06,0,Médio
376,5260.45,10.0,352.9,36.73,0,Baixo
377,12147.36,4.4,755.5,59.56,1,Médio
378,4932.79,2.4,623.1,42.14,1,Baixo
379,22573.29,8.98,617.5,74.44,1,Alto
380,16630.4,13.5,562.3,50.41,1,Baixo
381,3557.83,5.26,676.7,24.43,1,Baixo
382,4845.82,4.09,617.6,45.62,0,Médio
383,2913.81,2.33,520.9,24.62,0,Baixo
384,6119.22,8.61,645.6,35.02,0,Médio
385,7762.84,3.76,550.3,24.95,1,Baixo
386,12397.9,4.86,541.2,55.64,0,Médio
387,6186.69,2.11,608.2,35.25,0,Médio
388,17830.43,2.2,649.9,57.02,1,Médio
389,4839.41,4.8,519.6,40.45,0,Alto
390,5612.64,3.4,579.8,0,0,Baixo
391,13373.04,3.84,739.1,0,1,Baixo
392,2016.18,6.84,700.4,57.14,0,Médio
393,8479.36,8.1,550.0,33.9,0,Médio
394,3686.42,1.57,666.6,33.49,1,Médio
395,2779.74,6.73,710.6,46.29,0,Médio
396,4591.95,2.37,646.6,51.74,0,Alto
397,4316.37,1.05,580.0,36.62,0,Médio
398,7555.28,6.91,571.6,60.77,0,Alto
399,5697.43,10.18,668.8,51.62,0,Alto
400,3478.39,7.12,684.4,47.15,0,Médio
401,2394.42,8.7,634.5,41.61,1,Médio
402,3226.49,3.79,595.2,87.63,1,Alto
403,3821.73,7.14,533.1,55.08,0,Médio
404,5444.6,8.43,569.5,61.82,0,Médio
405,6367.24,8.45,785.2,39.79,1,Baixo
406,9620.02,2.87,557.6,41.07,0,Médio
407,6131.85,13.23,613.0,76.32,0,Baixo
408,5363.04,3.99,412.7,62.97,0,Médio
409,10118.86,4.06,742.2,46.91,1,Médio
410,7796.63,5.05,686.1,24.51,1,Baixo
411,4625.96,9.87,608.2,91.06,0,Médio
412,5559.99,7.65,611.4,23.57,0,Baixo
413,9528.86,0.1,673.3,100,1,Alto
414,3674.35,3.13,555.1,56.21,0,Médio
415,5247.76,8.71,727.7,76.4,1,Alto
416,3936.45,8.36,619.9,78.75,0,Médio
417,4806.88,0.27,731.9,0,1,Baixo
418,2537.81,2.34,548.5,54.17,0,Médio
419,6813.62,0.1,668.0,42.72,0,Médio
420,6649.62,5.0,493.7,36.03,0,Baixo
421,13633.25,5.92,551.9,51.12,0,Médio
422,7860.74,1.35,499.9,53.01,0,Médio
423,5298.57,4.04,669.2,38.99,0,Médio
424,5764.61,3.5,874.6,19.0,1,Baixo
425,3122.57,0.1,603.4,31.16,0,Médio
426,5433.79,4.51,494.3,33.39,0,Médio
427,7463.78,3.79,490.3,58.44,0,Alto
428,5777.24,1.63,711.8,27.87,0,Baixo
429,7736.61,2.37,605.5,29.45,0,Alto
430,11155.89,5.29,534.8,35.57,0,Baixo
431,5259.52,4.77,723.9,59.62,1,Médio
432,2954.52,0.1,558.3,45.0,0,Alto
433,7025.49,3.94,516.0,38.95,1,Baixo
434,2890.47,3.74,575.5,28.99,0,Baixo
435,4675.97,5.84,656.4,44.43,0,Baixo
436,7480.9,6.76,621.2,53.45,0,Médio
437,5601.88,0.97,547.7,62.58,0,Médio
438,5822.57,0.1,702.1,0,0,Baixo
439,16916.22,0.64,712.4,25.29,0,Médio
440,6584.0,4.96,759.8,69.45,1,Médio
441,5032.88,0.1,543.9,30.04,0,Médio
442,3282.26,6.72,813.8,68.91,0,Alto
443,17332.66,1.79,696.5,39.87,0,Baixo
444,3368.71,4.45,523.9,63.42,0,Médio
445,10997.86,7.42,610.5,47.38,0,Médio
446,8834.73,7.45,742.5,11.26,1,Baixo
447,6655.5,2.46,629.6,7.57,0,Baixo
448,5894.49,2.99,659.9,44.43,0,Médio
449,3626.88,1.19,586.6,36.33,0,Médio
450,6350.57,8.26,742.0,41.11,1,Médio
451,8976.38,10.43,714.2,66.14,0,Baixo
452,3547.73,0.24,639.1,20.65,0,Médio
453,5071.1,9.21,546.4,40.91,0,Médio
454,6867.58,7.61,717.9,57.94,1,Baixo
455,4174.21,2.96,590.4,7.27,1,Baixo
456,3686.26,0.1,628.9,28.91,0,Médio
457,7503.39,6.1,703.3,33.45,1,Baixo
458,10920.23,1.01,514.6,0,0,Baixo
459,5045.08,8.3,700.2,15.63,0,Baixo
460,3476.52,7.23,536.4,8.26,1,Baixo
461,12515.92,8.84,578.5,42.1,0,Médio
462,4199.69,2.07,744.8,32.75,1,Médio
463,8489.63,3.94,649.0,61.58,0,Médio
464,3263.17,3.22,748.5,26.8,1,Médio
465,2825.1,8.82,562.5,41.48,0,Baixo
466,9692.15,3.13,855.8,46.14,1,Médio
467,4872.47,5.85,609.4,0,1,Baixo
468,5374.73,2.9,552.5,0.83,0,Baixo
469,2577.6,1.41,559.3,70.32,0,Médio
470,12242.02,7.82,481.8,53.57,0,Baixo
471,7514.46,5.35,605.7,41.49,1,Baixo
472,8828.59,1.1,707.4,60.98,0,Alto
473,7359.89,8.64,601.2,72.22,0,Baixo
474,4838.36,5.89,523.6,37.21,1,Médio
475,2896.17,6.51,622.4,72.07,0,Médio
476,7527.65,0.1,429.3,72.24,0,Alto
477,8387.62,6.84,622.0,65.0,1,Médio
478,7115.19,3.94,678.7,81.83,0,Médio
479,7019.31,1.85,654.2,57.59,1,Alto
480,9133.0,9.52,590.9,58.01,0,Médio
481,9483.09,5.16,725.4,0,1,Baixo
482,4612.86,5.63,608.2,37.79,0,Médio
483,8779.36,1.65,520.4,73.11,0,Médio
484,8611.95,5.21,600.6,9.37,0,Baixo
485,6356.2,5.41,616.6,8.0,1,Baixo
486,3813.43,0.1,773.7,47.78,1,Médio
487,3612.64,7.83,497.3,68.95,0,Médio
488,12551.84,1.52,801.5,65.01,1,Alto
489,17514.31,10.26,715.4,44.34,0,Baixo
490,5293.15,6.46,587.0,42.04,0,Médio
491,13459.12,6.62,603.4,44.51,0,Médio
492,5869.57,5.64,727.2,69.12,1,Alto
493,5794.39,6.62,573.1,55.2,0,Médio
494,6228.26,1.76,561.2,64.57,1,Alto
495,7257.86,1.96,734.3,31.39,1,Médio
496,4262.21,6.11,368.8,50.78,0,Alto
497,7546.0,10.53,589.6,33.55,0,Baixo
498,3440.24,6.02,701.0,49.15,0,Alto
499,5181.34,6.66,703.2,44.13,0,Baixo
500,6417.17,1.01,430.1,25.9,0,Médio
501,4686.29,6.38,533.1,51.19,0,Baixo
502,6332.65,3.48,600.8,36.71,0,Médio
503,5292.89,6.37,547.5,32.44,0,Baixo
504,2592.36,7.2,718.0,40.72,0,Médio
505,7456.95,0.1,733.5,20.92,1,Baixo
506,8699.92,7.39,521.3,36.07,0,Médio
507,18151.23,1.27,675.0,38.72,1,Médio
508,8817.67,6.66,545.1,26.98,0,Baixo
509,3637.39,5.75,584.5,54.1,0,Alto
510,6284.45,8.31,637.2,53.95,0,Médio
511,9502.95,7.97,690.9,46.58,1,Baixo
512,4262.52,10.43,696.4,88.44,0,Alto
513,3455.15,9.75,701.1,67.29,1,Médio
514,3942.9,1.74,791.6,52.26,1,Médio
515,7614.04,5.33,462.0,55.14,0,Baixo
516,10168.93,6.16,663.1,0,1,Baixo
517,5219.01,0.1,619.4,46.47,1,Médio
518,11729.89,6.54,662.7,43.34,0,Baixo
519,5010.77,5.01,686.6,93.25,1,Alto
520,3541.0,0.1,678.0,56.94,0,Alto
521,8418.45,10.06,697.2,12.22,1,Baixo
522,4977.24,6.61,793.7,74.89,0,Alto
523,7638.57,3.54,497.8,39.41,0,Médio
524,2876.28,2.53,676.2,55.49,1,Médio
525,4525.84,7.06,728.5,52.22,0,Médio
526,4535.49,9.0,696.0,23.64,1,Baixo
527,5030.74,8.49,644.8,56.95,0,Baixo
528,8932.88,0.89,571.1,18.66,0,Alto
529,6901.4,7.29,608.4,51.58,0,Médio
530,3734.35,5.63,564.8,60.98,0,Baixo
531,4782.12,7.32,630.4,2.42,0,Baixo
532,5141.98,0.48,464.9,27.4,0,Baixo
533,6899.71,1.05,663.6,67.22,0,Alto
534,2635.86,7.65,773.4,68.17,1,Médio
535,11556.33,2.65,782.5,19.99,1,Baixo
536,11634.28,6.07,676.1,99.77,0,Alto
537,5335.19,1.78,537.5,36.82,1,Médio
538,3935.53,5.61,469.1,66.43,0,Médio
539,1926.02,0.5,647.2,15.78,1,Médio
540,12044.43,10.26,806.8,50.44,1,Baixo
541,6860.94,9.31,566.7,51.8,0,Médio
542,4767.75,0.1,649.6,26.57,0,Baixo
543,5638.32,1.36,561.2,7.15,1,Médio
544,4138.23,3.0,628.5,40.91,0,Médio
545,8048.43,1.9,593.4,65.18,0,Alto
546,4878.3,2.03,650.7,30.53,0,Baixo
547,5569.83,8.48,488.4,68.12,0,Alto
548,8187.66,0.35,543.0,68.96,0,Alto
549,9708.97,6.62,692.5,31.78,1,Médio
550,14077.78,3.36,642.1,26.39,0,Médio
551,4034.7,7.22,796.7,87.97,1,Alto
552,7236.65,0.91,538.3,58.56,0,Alto
553,3211.13,0.1,660.8,70.58,1,Alto
554,11942.55,8.13,697.5,44.46,1,Baixo
555,15999.56,1.18,725.4,41.94,1,Médio
556,7669.91,0.1,647.3,49.31,0,Alto
557,8112.95,6.85,640.5,31.36,0,Médio
558,6257.36,2.96,656.4,36.88,1,Baixo
559,8652.81,4.26,702.0,59.96,0,Alto
560,3198.62,0.76,334.0,72.96,0,Alto
561,8492.11,6.37,718.7,38.39,1,Médio
562,20181.87,3.82,761.8,50.4,1,Médio
563,7522.06,8.63,584.6,100,0,Alto
564,6423.37,0.1,750.1,54.52,1,Médio
565,8307.84,4.98,543.5,45.52,0,Médio
566,2563.17,1.91,676.2,22.05,0,Médio
567,11178.7,1.41,660.3,64.47,1,Alto
568,6166.33,7.6,428.7,63.4,0,Médio
569,5085.77,5.36,633.3,63.05,1,Médio
570,6020.95,6.95,588.5,33.24,1,Baixo
571,5402.63,2.71,567.7,88.58,0,Médio
572,6165.31,0.56,663.3,54.04,0,Médio
573,4317.35,3.32,531.4,41.31,1,Médio
574,8329.61,3.33,497.5,57.11,0,Baixo
575,4428.8,2.08,386.0,2.09,0,Baixo
576,8526.18,3.61,803.1,39.51,1,Médio
577,7193.27,1.95,462.3,10.28,0,Baixo
578,5763.26,7.13,701.3,37.4,1,Baixo
579,4393.72,7.07,503.8,57.45,0,Médio
580,6843.72,0.1,619.3,12.37,0,Alto
581,4955.56,5.09,625.3,60.15,1,Médio
582,6655.6,4.73,631.9,61.76,1,Médio
583,8126.5,2.07,489.9,66.15,0,Alto
584,13052.62,7.21,667.1,38.18,1,Baixo
585,5176.67,6.5,536.8,12.49,0,Baixo
586,8165.81,4.46,592.3,34.14,1,Médio
587,4838.12,5.34,533.5,57.13,1,Alto
588,10816.36,5.91,490.8,8.15,0,Baixo
589,4735.96,1.93,593.3,42.79,1,Médio
590,3642.18,2.12,652.9,13.96,0,Baixo
591,3508.3,3.68,466.0,92.99,0,Alto
592,6595.41,3.78,643.1,9.98,1,Baixo
593,3973.34,4.21,516.0,84.58,0,Alto
594,5107.75,1.66,652.6,10.98,0,Baixo
595,8867.92,8.62,706.5,49.3,1,Baixo
596,6916.08,5.52,561.3,55.57,0,Alto
597,8039.72,8.02,727.3,68.61,0,Alto
598,6854.28,5.38,709.7,64.73,1,Médio
599,7801.36,3.65,604.0,81.32,0,Alto
600,5171.72,6.56,433.2,26.03,0,Baixo
601,5682.67,0.1,679.9,27.04,1,Alto
602,13909.8,6.94,587.1,17.37,0,Baixo
603,7454.44,8.43,660.3,54.29,0,Médio
604,3078.02,5.07,698.4,29.53,1,Baixo
605,5524.21,6.28,555.9,44.51,1,Baixo
606,5507.36,5.89,556.6,32.14,0,Baixo
607,3436.14,6.06,664.0,45.39,0,Médio
608,5223.54,5.25,562.1,53.81,0,Médio
609,8238.98,3.38,642.0,35.24,0,Médio
610,10715.13,0.61,726.2,45.15,0,Médio
611,9611.32,2.33,680.5,25.32,0,Baixo
612,4279.96,3.46,547.9,38.81,0,Baixo
613,2849.98,2.2,640.9,65.0,0,Baixo
614,4994.79,0.19,574.2,24.91,0,Médio
615,13104.07,3.1,541.7,60.85,0,Médio
616,11007.65,4.11,623.4,49.33,0,Médio
617,7476.99,1.46,623.5,35.84,1,Alto
618,6670.36,1.6,487.8,34.67,0,Baixo
619,3899.28,5.04,734.5,47.89,0,Médio
620,3385.74,4.0,476.1,4.21,0,Baixo
621,5765.25,4.88,423.2,47.83,0,Médio
622,11390.91,5.74,684.3,52.52,1,Médio
623,7267.36,3.27,682.2,57.65,1,Alto
624,8877.56,0.1,531.8,24.49,1,Baixo
625,5629.69,3.67,595.0,32.62,0,Médio
626,3875.83,2.17,716.2,24.06,0,Baixo
627,2813.94,9.65,689.0,54.96,0,Baixo
628,4639.14,1.07,774.1,35.77,0,Baixo
629,7386.66,8.06,659.8,67.2,0,Médio
630,9178.03,1.45,747.7,41.63,0,Baixo
631,5077.9,6.67,637.5,60.62,1,Médio
632,7579.67,0.1,735.6,100,1,Alto
633,7959.52,5.26,626.4,49.38,0,Baixo
634,3867.33,3.83,790.8,78.13,0,Alto
635,7955.7,2.27,683.7,0,0,Baixo
636,5216.01,8.18,674.5,2.14,0,Baixo
637,6870.4,0.1,611.4,28.92,0,Médio
638,5970.02,8.01,446.0,73.91,0,Alto
639,14103.85,1.65,705.4,51.12,1,Médio
640,5753.81,5.47,647.9,26.9,1,Baixo
641,10330.53,1.02,489.1,53.97,1,Médio
642,12962.32,7.2,597.3,79.0,1,Baixo
643,2511.93,5.17,525.5,20.96,0,Baixo
644,2590.65,2.68,507.1,49.24,0,Médio
645,2104.16,3.79,558.3,18.25,0,Médio
646,8874.32,4.34,493.7,61.28,0,Alto
647,10114.58,1.52,526.0,10.57,0,Baixo
648,6619.96,4.06,653.2,39.02,1,Baixo
649,4829.03,3.84,589.5,69.88,1,Alto
650,5895.65,5.79,802.8,32.73,1,Baixo
651,13654.91,0.1,617.8,44.57,1,Alto
652,10325.47,0.84,482.1,28.44,0,Baixo
653,9501.49,5.6,684.1,73.93,0,Alto
654,3753.44,3.16,564.9,92.31,0,Alto
655,4700.26,4.43,732.8,36.66,0,Baixo
656,9687.29,0.1,619.1,19.67,1,Médio
657,8249.56,5.96,625.0,37.55,1,Baixo
658,7132.37,2.84,560.6,5.45,0,Baixo
659,14809.21,7.3,580.2,45.69,1,Baixo
660,8156.51,8.95,669.0,64.78,1,Médio
661,4258.15,6.0,705.5,36.17,1,Baixo
662,4398.14,2.02,399.3,8.42,0,Médio
663,9609.58,9.35,594.8,29.59,0,Baixo
664,6676.1,4.82,576.2,32.63,0,Baixo
665,12792.22,3.68,597.2,31.99,1,Alto
666,7904.1,2.5,596.0,76.11,0,Médio
667,8959.81,4.69,738.1,72.1,1,Alto
668,5740.11,2.53,644.8,38.89,1,Médio
669,4813.47,4.07,538.9,42.08,0,Médio
670,7601.02,5.95,714.3,41.2,1,Médio
671,3206.11,4.9,406.0,34.53,0,Médio
672,5836.72,5.39,625.7,48.28,0,Médio
673,4954.98,1.8,521.9,39.8,0,Médio
674,6090.62,7.72,564.7,13.53,0,Baixo
675,8204.42,3.01,490.6,43.27,0,Baixo
676,10810.37,2.67,702.9,33.95,0,Médio
677,4566.9,9.09,591.9,31.01,0,Baixo
678,5218.03,6.91,618.3,0,0,Baixo
679,8258.81,1.56,492.6,55.2,0,Alto
680,2171.13,3.39,608.0,92.36,0,Alto
681,5268.43,2.18,725.6,12.43,1,Médio
682,3128.88,4.69,749.0,46.36,0,Médio
683,2420.92,10.4,619.4,75.33,0,Médio
684,10479.15,5.79,659.6,37.21,0,Baixo
685,7846.62,1.24,635.2,69.47,0,Alto
686,4710.8,5.25,544.8,31.17,0,Médio
687,7755.25,5.1,669.7,16.57,0,Baixo
688,8107.46,1.91,670.9,65.82,1,Alto
689,3425.92,4.1,565.2,87.83,0,Médio
690,3280.92,5.51,613.6,35.53,0,Médio
691,4289.71,4.22,527.2,27.27,0,Baixo
692,7432.72,5.41,494.5,76.84,1,Alto
693,10347.25,1.31,727.5,52.69,0,Médio
694,6001.49,3.65,577.1,37.65,0,Alto
695,8148.52,6.28,522.2,38.92,0,Médio
696,7067.74,9.54,659.6,34.66,0,Médio
697,6347.77,0.23,359.9,46.06,0,Médio
698,8253.14,10.43,707.7,16.99,1,Baixo
699,2528.08,4.46,607.2,40.66,0,Médio
700,7982.26,3.46,751.0,39.16,1,Alto
701,7250.63,2.46,462.0,24.26,0,Baixo
702,3194.56,1.99,564.6,22.08,0,Médio
703,3724.59,2.4,540.1,35.93,1,Baixo
704,6590.3,9.88,661.9,21.44,0,Baixo
705,3245.65,6.23,729.3,48.52,1,Baixo
706,12711.0,2.11,542.0,65.86,1,Alto
707,11390.43,0.55,662.3,35.95,0,Médio
708,4675.22,5.91,564.8,84.58,1,Alto
709,3862.08,0.1,759.0,37.58,1,Médio
710,4113.66,4.23,523.2,10.94,0,Baixo
711,6546.63,5.59,652.4,37.25,0,Baixo
712,3269.84,10.88,710.9,40.82,1,Baixo
713,5901.64,2.54,438.9,16.48,0,Médio
714,12983.88,6.38,466.8,21.01,1,Baixo
715,4214.82,9.36,669.8,79.05,1,Alto
716,6017.19,13.05,416.4,68.0,0,Médio
717,5121.04,9.05,693.6,57.43,1,Alto
718,5327.08,4.79,606.9,20.04,0,Baixo
719,10466.12,4.5,548.9,41.26,0,Alto
720,18790.36,1.73,552.9,42.69,1,Médio
721,5375.92,6.58,583.0,8.61,1,Baixo
722,4386.32,9.6,744.5,32.12,1,Baixo
723,6855.66,4.3,627.7,55.89,0,Médio
724,3406.65,6.45,697.6,71.68,1,Alto
725,3504.98,5.51,572.2,30.76,0,Baixo
726,4326.96,5.35,480.6,49.22,0,Médio
727,6116.65,6.25,541.4,53.11,1,Médio
728,8300.15,2.16,593.1,69.6,1,Alto
729,2023.87,6.1,761.0,57.58,0,Médio
730,5175.34,2.04,645.8,48.85,0,Médio
731,6132.65,3.65,690.9,41.1,1,Médio
732,3939.61,4.77,656.7,39.49,1,Baixo
733,8018.79,1.93,756.3,20.39,1,Médio
734,2954.58,7.55,737.9,28.19,0,Baixo
735,2633.63,6.51,636.8,29.05,0,Baixo
736,3379.9,3.44,722.2,34.11,1,Médio
737,12609.7,4.31,524.5,27.26,0,Baixo
738,4835.8,8.2,655.7,58.02,0,Médio
739,4941.11,3.45,503.7,48.2,0,Médio
740,11242.05,0.1,621.1,85.97,1,Alto
741,8534.81,3.93,524.2,30.1,1,Baixo
742,13187.11,12.64,783.4,39.92,1,Baixo
743,7561.73,5.42,558.8,41.58,0,Baixo
744,4439.56,9.62,659.9,34.17,0,Baixo
745,4874.3,5.62,635.5,46.44,0,Médio
746,5451.94,0.1,694.6,11.88,1,Baixo
747,7907.17,3.93,558.4,16.91,0,Baixo
748,6715.88,5.4,640.1,35.87,0,Baixo
749,5619.66,3.22,563.7,60.71,0,Médio
750,10379.17,5.85,584.4,37.66,0,Médio
751,7630.31,7.29,734.1,32.08,1,Médio
752,7162.5,0.1,840.9,45.7,1,Alto
753,5896.7,0.1,506.9,43.3,0,Médio
754,4351.53,7.55,534.4,79.28,0,Alto
755,8984.02,1.57,571.6,15.14,0,Baixo
756,17382.76,4.68,649.3,41.32,0,Baixo
757,9143.97,5.01,591.6,81.47,0,Alto
758,6874.99,3.83,720.3,7.07,1,Baixo
759,4312.4,4.28,462.4,39.1,0,Médio
760,8868.98,2.02,799.2,47.84,1,Médio
761,7946.02,9.26,832.9,0,1,Baixo
762,8015.93,6.5,663.4,22.4,0,Baixo
763,4608.62,8.34,680.7,47.99,1,Baixo
764,6703.29,1.42,693.7,48.52,1,Médio
765,5145.02,2.81,657.4,45.41,0,Baixo
766,7937.34,7.4,540.4,33.76,0,Médio
767,10046.76,8.87,827.4,9.65,1,Baixo
768,9728.87,1.66,746.7,20.93,1,Médio
769,5944.41,8.54,770.0,0,0,Baixo
770,4598.03,11.37,670.6,52.35,0,Médio
771,4372.77,3.67,608.7,59.09,0,Alto
772,4416.73,9.09,545.9,44.36,0,Baixo
773,8815.28,6.26,700.4,64.56,1,Médio
774,7774.88,0.1,580.6,61.92,0,Médio
775,3635.82,2.71,555.6,74.25,0,Médio
776,7289.54,6.04,593.9,38.08,1,Baixo
777,7164.16,5.18,583.4,61.41,0,Médio
778,2531.03,6.27,530.8,71.75,0,Alto
779,6856.85,12.04,600.8,43.38,0,Baixo
780,11061.2,9.61,611.9,44.76,0,Baixo
781,5240.86,6.07,699.9,13.62,0,Baixo
782,6076.43,3.97,577.0,14.77,0,Baixo
783,4179.16,2.7,645.8,22.23,0,Baixo
784,2507.58,5.5,547.2,29.89,0,Médio
785,3611.58,2.5,652.3,24.32,1,Baixo
786,13838.44,3.07,619.3,42.29,1,Médio
787,8859.86,4.86,823.7,41.66,1,Médio
788,3080.1,0.58,700.9,10.17,0,Médio
789,6146.93,9.16,720.0,13.93,0,Baixo
790,4664.73,8.55,496.4,56.87,0,Médio
791,7444.07,0.17,658.5,34.77,0,Médio
792,11076.72,10.07,585.3,95.8,0,Alto
793,3933.4,5.61,594.2,24.18,0,Médio
794,5217.13,4.67,764.9,23.21,1,Baixo
795,5812.83,2.7,603.9,42.38,0,Médio
796,4106.09,4.36,588.7,58.7,0,Alto
797,6350.8,4.39,508.9,22.84,0,Baixo
798,7914.83,2.81,556.3,81.22,0,Alto
799,7643.58,0.76,672.8,23.13,1,Baixo
800,12217.35,4.2,706.4,40.55,1,Baixo
801,7280.32,4.8,572.3,43.64,0,Médio
802,7088.61,2.06,681.2,55.7,0,Médio
803,8021.77,3.6,676.9,53.41,0,Médio
804,6519.21,7.0,504.1,10.99,1,Baixo
805,6768.99,9.26,716.3,42.05,0,Baixo
806,7927.29,8.56,764.3,0,1,Baixo
807,3826.97,3.19,526.1,51.89,0,Alto
808,2533.48,4.01,796.8,79.21,1,Médio
809,3574.13,8.97,754.7,45.88,0,Médio
810,3601.73,7.22,631.2,62.02,0,Médio
811,4692.59,5.61,614.1,60.3,0,Médio
812,4600.54,8.63,683.9,66.47,1,Médio
813,7833.83,4.17,676.0,29.39,1,Médio
814,7542.59,2.13,598.8,95.08,1,Alto
815,4941.42,1.41,496.1,28.77,0,Médio
816,3683.21,4.64,660.1,49.08,0,Médio
817,8958.93,6.04,780.3,34.56,1,Baixo
818,4471.05,4.4,675.5,50.99,1,Médio
819,4926.96,1.8,452.0,0,0,Baixo
820,6145.2,8.25,645.5,52.78,0,Baixo
821,5905.25,7.47,627.5,33.52,0,Baixo
822,6928.02,3.61,548.9,45.22,0,Alto
823,14860.33,7.32,558.6,71.0,1,Alto
824,5148.65,6.6,533.6,42.46,0,Médio
825,12373.32,3.09,522.2,78.66,0,Médio
826,3661.9,10.07,593.8,40.98,0,Baixo
827,1832.2,1.72,479.9,50.24,0,Médio
828,5813.37,3.83,671.1,16.0,0,Baixo
829,6999.94,2.65,732.1,39.03,1,Médio
830,6353.09,6.62,692.4,28.42,1,Baixo
831,5451.48,3.86,632.0,0,0,Baixo
832,3197.11,6.76,547.5,37.66,0,Médio
833,5811.11,10.17,680.2,33.34,1,Baixo
834,10062.78,5.49,680.8,49.87,1,Alto
835,4802.76,4.86,619.3,11.58,1,Baixo
836,5317.82,5.5,589.8,47.57,0,Médio
837,13085.65,7.31,518.2,16.5,1,Baixo
838,5849.29,9.13,501.0,0,0,Baixo
839,5655.04,0.52,652.6,63.64,0,Alto
840,5489.2,6.35,574.8,100,0,Alto
841,3994.74,1.8,747.5,49.06,0,Médio
842,5631.07,2.18,426.8,21.83,0,Baixo
843,6989.09,10.51,671.7,50.35,1,Baixo
844,7595.18,0.1,667.5,36.99,1,Médio
845,10063.8,8.41,438.6,30.27,0,Baixo
846,4881.81,6.82,711.4,79.34,0,Médio
847,4998.31,3.32,609.4,59.08,0,Alto
848,4450.38,0.89,571.7,40.68,0,Médio
849,5031.17,5.03,747.9,37.37,0,Médio
850,8921.92,3.35,721.8,34.24,0,Médio
851,5068.72,1.74,759.3,62.75,1,Médio
852,11717.03,2.88,881.0,58.65,1,Alto
853,4989.64,8.21,645.1,31.3,0,Baixo
854,10056.94,4.65,711.9,19.38,1,Baixo
855,5622.27,0.1,697.0,65.94,1,Alto
856,10137.29,8.74,636.4,44.78,1,Baixo
857,4287.27,4.6,699.0,25.27,1,Médio
858,1634.88,3.49,647.9,79.16,1,Alto
859,8163.87,10.98,687.9,36.53,0,Baixo
860,4205.86,4.15,641.3,33.87,0,Médio
861,3646.41,0.1,738.4,60.35,1,Médio
862,3911.92,5.14,696.7,51.05,1,Alto
863,8016.58,1.25,770.2,23.73,1,Médio
864,15852.02,6.51,718.1,35.67,1,Médio
865,3935.35,2.82,701.1,29.41,0,Baixo
866,4974.62,3.47,665.8,67.11,0,Alto
867,3854.94,4.04,651.8,61.01,1,Alto
868,11644.39,3.18,765.8,54.11,1,Alto
869,4016.01,2.1,567.9,66.06,0,Médio
870,14505.77,8.8,672.6,60.31,1,Alto
871,6714.92,11.6,680.7,49.26,0,Baixo
872,5149.54,0.76,631.9,40.05,0,Alto
873,3911.85,0.9,566.0,13.88,0,Baixo
874,2025.21,5.17,601.0,60.86,0,Baixo
875,2840.8,6.71,558.5,29.39,0,Baixo
876,8009.67,5.55,460.1,36.08,0,Baixo
877,3435.77,8.67,606.9,19.54,0,Baixo
878,5060.35,6.22,670.5,44.26,0,Médio
879,7228.3,9.97,498.0,19.43,0,Baixo
880,4746.63,7.26,593.6,69.29,0,Médio
881,12725.77,1.33,720.3,27.83,1,Médio
882,9721.33,6.04,459.4,24.61,0,Médio
883,3772.61,0.56,560.3,59.61,1,Alto
884,4232.66,2.76,704.3,13.7,0,Baixo
885,7369.19,0.1,596.5,42.05,0,Alto
886,3796.6,5.53,768.3,63.62,1,Alto
887,12450.02,1.62,818.4,0,1,Baixo
888,3829.94,0.1,753.1,33.5,0,Baixo
889,6350.68,5.95,709.0,43.23,1,Baixo
890,4481.06,2.82,451.2,48.68,0,Alto
891,7912.19,7.29,603.9,39.29,0,Médio
892,5629.16,0.1,522.3,46.54,0,Baixo
893,7975.77,3.19,706.3,24.27,0,Baixo
894,5100.7,9.49,652.3,57.94,0,Baixo
895,14303.56,8.72,699.7,76.98,1,Médio
896,7306.07,6.12,642.1,84.22,1,Médio
897,3605.94,2.64,625.3,39.95,0,Médio
898,4944.17,8.43,755.9,60.76,1,Médio
899,14444.32,6.0,741.7,37.59,1,Médio
900,5818.8,6.9,826.8,76.7,0,Baixo
901,5980.29,1.69,705.7,57.18,0,Médio
902,3042.13,7.51,662.0,43.51,1,Baixo
903,5575.73,2.37,591.9,46.83,0,Médio
904,15662.07,8.22,541.0,39.61,0,Alto
905,7680.09,4.58,563.6,44.85,0,Médio
906,5771.07,5.4,528.2,38.52,0,Médio
907,6914.72,3.46,577.5,30.28,0,Alto
908,8222.48,8.07,443.4,38.69,0,Baixo
909,2729.67,1.71,600.0,67.94,1,Alto
910,2273.66,8.95,705.1,23.51,0,Baixo
911,7687.17,4.38,664.0,53.5,0,Médio
912,14253.39,3.09,563.2,47.22,1,Médio
913,9203.95,5.33,601.1,21.38,0,Baixo
914,5073.79,7.26,576.3,69.74,0,Médio
915,16629.72,1.05,579.1,53.11,0,Alto
916,9734.94,4.98,647.5,72.46,1,Baixo
917,5462.53,7.26,622.9,62.52,1,Médio
918,3609.15,5.04,794.0,37.61,0,Médio
919,2175.71,5.67,583.4,7.78,1,Médio
920,3256.37,6.81,800.0,49.38,1,Médio
921,7421.76,0.1,723.5,41.1,0,Médio
922,3750.46,6.24,693.3,77.28,1,Alto
923,8512.68,2.95,630.9,74.97,1,Alto
924,5402.24,0.1,608.5,28.65,0,Médio
925,4495.42,3.58,682.3,62.26,1,Médio
926,4333.97,8.2,492.5,54.66,0,Baixo
927,7623.57,6.63,462.8,54.01,0,Baixo
928,5850.29,7.48,724.3,66.37,1,Alto
929,12899.0,7.84,624.9,28.87,1,Baixo
930,9313.07,4.92,529.8,34.2,0,Baixo
931,11244.84,0.1,698.0,66.34,1,Alto
932,7505.93,0.1,499.8,93.36,0,Alto
933,9164.68,6.56,653.7,47.76,1,Baixo
934,5586.07,7.09,553.6,0,0,Baixo
935,7588.28,5.5,419.2,60.12,0,Médio
936,3467.49,4.89,630.2,24.02,0,Baixo
937,4255.33,5.33,718.6,27.89,1,Médio
938,5584.61,3.73,545.7,7.0,0,Baixo
939,3453.12,1.69,577.7,20.63,0,Médio
940,8999.51,6.84,532.7,51.53,0,Alto
941,6246.07,3.67,571.7,18.29,0,Baixo
942,4955.08,1.01,529.3,46.37,0,Alto
943,6249.04,4.13,634.0,30.87,0,Baixo
944,7189.45,2.09,580.8,100,0,Alto
945,5797.84,3.24,658.4,76.02,0,Alto
946,5646.69,7.98,689.7,39.8,0,Baixo
947,4606.32,0.1,603.6,46.55,1,Médio
948,3553.52,6.55,455.1,15.52,0,Baixo
949,3833.19,7.27,607.5,45.75,0,Médio
950,7009.34,0.1,452.1,77.56,0,Alto
951,2866.91,3.36,555.4,87.15,0,Alto
952,5205.16,6.3,563.2,75.22,1,Alto
953,6539.13,5.19,833.2,65.35,1,Médio
954,8121.18,4.29,487.0,64.95,0,Alto
955,4434.03,0.1,737.9,20.45,0,Médio
956,4726.71,6.87,717.2,87.37,0,Alto
957,2881.01,8.83,619.1,39.06,0,Baixo
958,7829.11,4.75,741.1,12.56,0,Médio
959,4946.49,6.22,580.2,28.99,0,Baixo
960,6768.7,3.86,669.1,38.77,1,Médio
961,3398.22,4.18,770.4,72.6,1,Médio
962,3860.54,5.12,630.6,24.24,0,Baixo
963,2102.6,4.54,573.8,56.07,0,Médio
964,5951.45,5.9,615.0,63.37,0,Alto
965,4097.52,5.06,709.9,33.13,0,Baixo
966,11126.46,5.03,667.8,59.56,1,Médio
967,3084.02,4.2,303.6,19.65,0,Baixo
968,10383.89,2.28,676.4,68.46,1,Médio
969,4469.78,5.49,454.9,32.86,0,Baixo
970,6149.52,0.1,661.2,76.07,0,Alto
971,6428.35,4.3,775.7,33.2,1,Médio
972,4066.47,5.6,636.7,38.02,1,Médio
973,5655.79,5.05,538.4,35.3,0,Baixo
974,6822.31,3.91,649.7,36.81,1,Médio
975,7003.8,6.2,721.2,0,1,Baixo
976,11748.33,8.56,511.7,99.01,1,Alto
977,5318.28,2.53,605.5,51.72,0,Médio
978,7310.72,4.22,651.3,55.59,0,Alto
979,16516.27,3.6,839.2,2.34,1,Baixo
980,5458.39,8.7,480.3,63.55,0,Médio
981,2713.63,3.64,708.3,28.02,1,Médio
982,4019.76,8.19,570.4,67.37,0,Médio
983,11107.36,3.68,747.5,37.8,1,Baixo
984,7986.68,3.78,635.5,22.55,1,Baixo
985,7606.08,4.23,736.6,43.81,0,Médio
986,10554.85,1.8,665.4,35.69,0,Baixo
987,3644.85,1.56,686.5,70.75,0,Alto
988,17983.83,4.81,495.9,46.44,0,Médio
989,13836.23,2.16,652.2,1.76,0,Baixo
990,13724.33,2.16,602.0,46.89,0,Médio
991,4724.15,3.2,544.8,13.59,0,Baixo
992,7828.07,0.11,629.1,49.61,0,Médio
993,4988.22,5.2,698.0,29.45,0,Baixo
994,9070.84,9.7,472.8,57.53,0,Médio
995,7845.07,7.71,807.2,43.21,0,Baixo
996,8617.39,1.24,618.5,55.72,0,Alto
997,4298.29,0.46,900,72.26,1,Alto
998,4149.31,9.06,574.3,40.46,0,Médio
999,7315.58,2.89,648.3,69.18,0,Alto
1000,3573.32,10.48,574.1,73.93,0,Alto
1001,4738.93,2.65,611.2,91.72,1,Alto
1002,6202.8,5.89,512.3,26.08,0,Baixo
1003,8177.68,0.1,642.0,53.69,1,Médio
1004,3113.57,5.81,673.7,54.68,1,Médio
1005,10013.72,4.61,569.6,16.44,0,Baixo
1006,4513.51,2.74,635.6,49.53,0,Médio
1007,10331.43,1.39,571.4,51.72,0,Médio
1008,9017.31,0.1,658.5,21.18,0,Baixo
1009,4489.79,6.12,609.2,48.48,1,Médio
1010,10635.92,2.54,439.1,76.44,0,Alto
1011,4525.31,8.17,773.6,6.0,1,Baixo
1012,2963.53,3.9,485.3,16.36,0,Baixo
1013,5833.71,4.58,619.0,44.77,1,Baixo
1014,17297.03,4.22,687.5,40.02,1,Baixo
1015,9840.07,5.78,589.5,41.57,0,Baixo
1016,5102.82,4.03,545.9,27.05,0,Baixo
1017,5073.41,7.63,613.0,53.34,0,Médio
1018,4736.23,0.1,749.2,44.55,0,Alto
1019,5079.34,6.22,562.3,42.13,0,Baixo
1020,4051.14,0.1,501.8,27.36,0,Baixo
1021,7301.7,1.29,706.7,12.05,0,Baixo
1022,10292.28,1.48,496.8,67.49,0,Alto
1023,11499.85,5.32,480.8,73.09,1,Alto
1024,8615.92,1.75,656.3,26.63,1,Alto
1025,2475.1,5.89,777.8,26.46,1,Baixo
1026,8479.73,0.1,655.2,31.45,0,Médio
1027,4054.4,4.04,768.3,21.46,0,Baixo
1028,7273.37,5.9,527.0,39.72,1,Baixo
1029,3155.9,1.35,600.4,54.06,0,Baixo
1030,2739.94,8.5,582.4,29.71,0,Baixo
1031,10244.97,1.02,681.5,24.36,0,Alto
1032,8250.85,0.1,480.2,79.37,0,Alto
1033,6209.99,10.06,600.2,20.03,0,Baixo
1034,5636.7,0.1,744.6,55.02,0,Alto
1035,3556.17,5.72,580.3,41.65,0,Médio
1036,5540.9,0.1,581.2,27.46,0,Médio
1037,8053.69,3.48,657.3,75.04,0,Alto
1038,4436.67,8.84,554.4,24.25,0,Baixo
1039,4745.59,6.39,686.6,61.98,0,Médio
1040,3646.21,7.47,600.9,44.33,0,Alto
1041,6140.04,3.93,634.9,68.44,0,Médio
1042,2358.92,3.1,729.7,29.46,0,Baixo
1043,2779.4,11.84,561.1,51.69,0,Baixo
1044,12481.48,3.7,540.7,60.42,1,Alto
1045,4008.29,0.1,784.6,80.32,0,Alto
1046,4477.92,6.75,515.7,32.68,0,Baixo
1047,10914.11,3.28,635.6,55.21,0,Alto
1048,8308.27,4.23,842.3,58.78,0,Alto
1049,6172.04,3.83,678.0,52.04,0,Médio
1050,3968.13,4.2,656.5,75.31,1,Baixo
1051,2047.92,9.01,380.9,86.05,0,Alto
1052,10005.35,6.37,448.6,26.16,0,Baixo
1053,5373.63,3.29,821.2,55.37,1,Alto
1054,3327.19,1.2,773.4,76.44,1,Alto
1055,10429.58,1.95,602.4,35.46,1,Médio
1056,5843.55,3.25,644.0,86.26,0,Alto
1057,3028.02,11.71,676.4,46.5,1,Médio
1058,9908.0,3.57,661.7,75.12,1,Médio
1059,7460.59,5.34,593.9,45.72,0,Médio
1060,6434.12,6.2,726.5,89.79,1,Alto
1061,17102.94,6.17,666.3,25.38,1,Baixo
1062,7064.17,2.73,618.3,11.66,0,Baixo
1063,6272.82,7.31,726.6,71.34,0,Médio
1064,5394.23,5.26,554.1,40.93,0,Médio
1065,8300.53,2.18,678.2,34.8,0,Médio
1066,8289.32,6.46,717.0,28.75,0,Baixo
1067,7100.85,7.25,477.8,39.93,0,Baixo
1068,5198.7,7.07,513.8,66.43,0,Alto
1069,4038.92,0.1,657.5,79.72,1,Alto
1070,7648.84,0.1,808.9,47.38,1,Médio
1071,1870.8,0.1,530.7,11.11,0,Baixo
1072,6408.21,3.43,685.6,68.39,0,Médio
1073,3672.33,4.56,568.7,29.25,1,Baixo
1074,9420.81,0.1,817.6,41.49,1,Alto
1075,11830.35,7.23,600.0,32.12,0,Baixo
1076,4314.22,5.17,410.3,38.73,0,Médio
1077,5687.67,4.5,459.6,36.31,0,Baixo
1078,2287.09,0.83,601.2,49.08,0,Médio
1079,5383.52,9.27,566.8,20.88,0,Baixo
1080,6049.05,6.91,684.1,8.01,1,Baixo
1081,12670.15,6.99,730.8,61.89,0,Médio
1082,7381.53,7.96,815.9,74.48,1,Médio
1083,6268.04,7.59,887.0,33.87,1,Baixo
1084,4394.42,5.27,693.4,66.61,1,Médio
1085,7755.77,1.44,552.7,39.88,0,Baixo
1086,7404.8,0.1,700.6,52.77,0,Alto
1087,2774.39,7.12,574.8,31.1,0,Médio
1088,5996.94,6.1,481.9,100,1,Alto
1089,11845.82,7.33,558.3,68.0,1,Médio
1090,5548.34,13.35,656.0,13.69,1,Baixo
1091,5279.71,2.38,670.6,71.68,1,Médio
1092,4625.32,7.68,603.0,60.62,1,Médio
1093,8256.61,3.03,640.9,57.3,0,Baixo
1094,5596.65,10.71,641.3,63.92,1,Médio
1095,6637.04,3.47,674.5,58.53,0,Alto
1096,5904.0,3.2,732.8,48.2,1,Médio
1097,4323.72,5.47,454.3,43.0,0,Médio
1098,5908.97,2.39,608.1,64.13,0,Alto
1099,6539.69,3.96,465.9,58.36,0,Médio
1100,9824.39,4.07,713.5,56.68,1,Alto
1101,3956.66,3.69,766.7,32.44,1,Baixo
1102,3603.87,1.5,492.8,35.4,0,Médio
1103,6750.7,5.31,598.4,42.61,1,Baixo
1104,4852.67,3.42,620.6,19.38,0,Médio
1105,9321.18,9.78,758.6,43.9,1,Baixo
1106,4524.66,2.59,730.3,81.41,0,Alto
1107,5894.86,3.18,506.5,73.44,0,Alto
1108,8674.46,0.47,647.3,71.53,1,Alto
1109,3337.2,3.06,692.9,44.28,1,Médio
1110,14979.14,1.38,664.7,34.55,0,Médio
1111,5358.69,1.59,532.5,57.54,0,Médio
1112,11007.54,7.12,528.7,50.73,0,Médio
1113,3670.13,0.1,419.6,43.91,0,Médio
1114,3674.74,4.85,829.6,39.88,0,Médio
1115,4522.9,3.94,516.6,70.63,0,Médio
1116,5286.7,6.4,718.4,50.42,1,Alto
1117,7419.91,3.98,760.9,58.82,0,Alto
1118,6996.64,5.63,659.3,11.32,1,Baixo
1119,2216.08,3.91,502.8,31.5,0,Baixo
1120,20039.66,3.93,576.2,24.89,1,Médio
1121,5527.66,1.65,439.3,17.72,0,Médio
1122,3815.38,0.58,832.2,0,1,Médio
1123,10782.01,5.37,513.0,25.88,1,Baixo
1124,4510.28,2.46,726.6,64.51,0,Alto
1125,6026.39,5.26,649.0,60.57,0,Baixo
1126,2031.49,7.85,685.5,52.29,1,Baixo
1127,5380.42,0.65,675.1,14.89,1,Médio
1128,9437.57,5.23,578.1,42.57,0,Baixo
1129,2996.39,7.52,559.9,36.19,0,Baixo
1130,3106.1,5.99,660.6,32.83,1,Médio
1131,5507.38,0.1,653.7,6.79,0,Médio
1132,4961.66,0.98,598.7,64.11,0,Baixo
1133,18066.52,9.06,528.5,58.45,1,Médio
1134,13209.09,7.94,536.0,52.97,0,Baixo
1135,5835.99,1.36,585.0,60.76,0,Alto
1136,4233.85,1.12,493.1,31.08,0,Médio
1137,3968.81,2.34,594.7,52.07,0,Alto
1138,6416.65,2.98,657.7,36.84,0,Médio
1139,3620.43,1.83,531.8,49.11,0,Alto
1140,6424.23,6.09,623.9,2.91,0,Baixo
1141,4845.25,8.06,502.9,66.17,0,Médio
1142,2914.47,2.63,598.3,47.26,0,Médio
1143,5146.8,7.0,421.4,36.02,0,Médio
1144,9675.79,4.27,734.8,31.12,1,Médio
1145,6220.44,4.47,695.1,42.58,1,Médio
1146,2545.61,2.22,522.8,42.49,0,Baixo
1147,8067.2,3.33,536.9,26.33,0,Médio
1148,2035.55,0.1,649.2,32.76,0,Médio
1149,6209.46,2.58,575.2,84.41,0,Alto
1150,4032.59,1.55,629.6,51.76,0,Baixo
1151,4082.79,4.84,589.8,55.17,0,Médio
1152,12051.75,2.31,706.1,46.24,1,Médio
1153,4013.78,5.49,574.1,26.88,0,Médio
1154,5932.9,8.74,657.9,32.16,1,Baixo
1155,4223.01,1.94,564.9,47.31,1,Médio
1156,4906.57,1.35,593.3,90.04,0,Alto
1157,11656.57,1.02,726.1,17.54,1,Baixo
1158,4865.35,7.5,533.6,30.38,1,Baixo
1159,5265.78,1.77,695.1,37.22,1,Médio
1160,7936.58,12.63,687.8,5.45,0,Baixo
1161,7035.51,11.02,725.2,27.46,0,Baixo
1162,4778.68,7.24,751.2,55.32,0,Alto
1163,8947.94,5.25,561.4,43.08,1,Médio
1164,7356.75,7.01,684.9,38.17,1,Baixo
1165,10999.24,4.06,690.2,49.81,1,Baixo
1166,5163.96,5.77,578.1,25.19,0,Baixo
1167,8016.22,4.48,461.4,22.73,0,Baixo
1168,4050.83,8.67,541.4,56.17,0,Médio
1169,14681.64,2.89,555.1,45.14,1,Médio
1170,5718.73,5.25,838.9,61.95,1,Médio
1171,7398.58,2.06,568.5,20.03,0,Médio
1172,2330.59,6.18,617.4,49.88,1,Baixo
1173,6846.31,8.16,656.0,61.89,1,Médio
1174,10273.09,0.1,565.5,24.95,1,Médio
1175,5513.27,1.91,842.5,54.76,1,Alto
1176,8753.06,3.78,585.1,45.88,0,Médio
1177,13421.74,10.69,596.2,61.34,0,Baixo
1178,13181.54,8.64,498.4,27.18,1,Baixo
1179,9755.42,14.21,570.2,72.93,0,Baixo
1180,11584.77,2.41,644.7,53.23,0,Médio
1181,3632.72,5.57,604.7,26.95,1,Médio
1182,4082.22,4.63,700.2,27.37,1,Médio
1183,4413.06,3.05,701.8,52.9,0,Alto
1184,11797.55,4.57,626.1,44.93,0,Alto
1185,4640.25,11.05,670.5,42.01,0,Baixo
1186,2849.53,2.62,533.1,27.17,1,Médio
1187,7120.74,0.66,529.9,87.15,0,Alto
1188,7825.1,7.46,644.4,29.91,1,Baixo
1189,2731.49,5.63,650.6,33.13,1,Baixo
1190,2646.34,2.07,732.7,35.16,0,Baixo
1191,4744.83,0.1,622.1,17.35,1,Baixo
1192,12582.19,3.8,616.4,42.44,1,Baixo
1193,8868.77,0.1,475.2,74.35,0,Alto
1194,9915.25,0.1,640.7,64.19,0,Alto
1195,7509.27,0.1,712.4,52.53,0,Médio
1196,4955.21,3.53,648.0,20.9,0,Baixo
1197,6818.61,3.06,751.2,60.42,0,Alto
1198,5625.3,4.32,403.0,68.64,0,Alto
1199,7014.96,3.66,601.9,60.21,0,Médio
1200,4487.85,14.09,664.4,76.82,0,Médio
1201,3480.88,2.94,533.2,57.34,0,Médio
1202,17093.72,8.22,851.3,25.48,1,Baixo
1203,2493.1,4.26,659.0,49.98,0,Médio
1204,4651.48,0.1,596.8,31.57,1,Alto
1205,3204.56,5.34,559.2,56.51,0,Alto
1206,11275.52,4.4,632.3,23.41,1,Baixo
1207,7305.86,8.92,405.9,51.01,0,Médio
1208,4324.77,5.66,796.7,53.47,0,Baixo
1209,4113.8,3.16,657.6,32.86,1,Baixo
1210,10432.25,7.02,574.4,1.87,0,Baixo
1211,1900.99,5.41,679.8,49.97,0,Médio
1212,6564.21,2.87,590.9,27.8,0,Médio
1213,5013.34,4.38,650.8,93.74,0,Alto
1214,3847.74,5.08,463.4,30.33,0,Baixo
1215,7284.22,10.66,569.7,0,1,Baixo
1216,6241.88,0.1,654.2,76.65,1,Alto
1217,4825.74,5.52,581.5,17.11,0,Baixo
1218,3046.01,6.78,723.3,67.45,0,Médio
1219,4178.04,8.55,588.7,24.78,0,Baixo
1220,4772.99,6.22,542.8,17.0,0,Baixo
1221,13611.39,0.1,634.7,29.51,1,Médio
1222,4642.41,0.1,602.0,62.47,0,Alto
1223,4935.13,6.44,800.8,75.17,1,Alto
1224,6711.32,8.65,666.1,58.7,1,Médio
1225,5545.12,5.97,608.0,58.49,0,Alto
1226,14389.61,1.21,627.7,44.74,1,Baixo
1227,4603.3,2.61,771.5,44.71,1,Médio
1228,4689.37,3.49,685.0,32.6,0,Baixo
1229,7011.77,9.93,742.0,50.17,1,Alto
1230,5696.18,6.63,615.0,29.6,0,Baixo
1231,6602.41,4.49,748.3,43.83,0,Médio
1232,11437.04,9.17,789.1,43.09,1,Baixo
1233,9327.74,7.19,753.7,73.44,1,Médio
1234,8224.65,5.47,610.6,52.51,1,Médio
1235,13754.53,6.23,533.0,29.16,0,Médio
1236,5612.87,4.93,640.3,52.17,0,Médio
1237,11289.32,7.98,545.9,73.37,0,Médio
1238,5724.42,1.87,673.4,24.58,0,Baixo
1239,2998.89,3.14,629.1,10.76,0,Baixo
1240,4758.87,3.18,579.1,5.6,0,Baixo
1241,11005.53,8.06,673.1,68.23,1,Médio
1242,8129.21,3.65,656.6,11.99,1,Baixo
1243,8712.53,0.3,349.1,42.01,1,Baixo
1244,3411.1,5.38,664.9,17.71,0,Baixo
1245,3764.59,4.46,490.5,32.38,0,Baixo
1246,3364.09,4.43,704.4,71.19,0,Alto
1247,3902.69,7.52,644.5,67.75,1,Médio
1248,4956.03,6.9,503.8,42.31,0,Baixo
1249,3997.57,0.54,751.4,49.67,1,Alto
1250,11183.51,5.21,496.9,18.87,0,Baixo
1251,3792.74,6.06,634.1,12.55,1,Baixo
1252,8391.73,4.64,725.8,36.77,1,Baixo
1253,4855.65,9.03,678.7,31.51,1,Baixo
1254,4262.75,1.25,601.3,24.37,0,Baixo
1255,5262.0,4.51,460.0,49.32,0,Médio
1256,5110.69,8.6,605.4,62.91,0,Médio
1257,4774.72,2.49,619.6,64.62,0,Médio
1258,6995.56,6.34,662.3,32.03,0,Baixo
1259,3676.14,2.71,661.3,51.44,1,Médio
1260,6651.19,0.1,508.3,27.81,0,Alto
1261,16157.51,11.39,562.3,25.1,0,Baixo
1262,8089.54,5.4,630.8,42.97,0,Médio
1263,16180.42,4.61,712.4,11.25,1,Baixo
1264,4231.62,8.01,633.3,33.61,1,Médio
1265,4200.08,4.99,714.5,3.44,0,Baixo
1266,7090.33,9.0,713.2,55.74,1,Médio
1267,4310.57,0.1,706.7,59.88,0,Alto
1268,4121.6,6.59,650.6,38.72,1,Médio
1269,4127.48,5.84,818.8,19.97,1,Baixo
1270,9754.8,5.07,422.4,1.38,0,Baixo
1271,8342.31,5.0,808.8,75.67,1,Médio
1272,3686.55,1.01,613.4,41.08,0,Médio
1273,14463.7,3.73,518.2,43.68,1,Médio
1274,12247.75,3.32,519.1,16.12,0,Baixo
1275,7104.61,2.86,597.6,28.15,0,Alto
1276,2265.97,0.1,636.5,21.99,0,Médio
1277,2863.18,1.29,646.3,69.5,0,Alto
1278,4029.67,4.42,735.3,27.55,1,Médio
1279,4903.19,0.1,390.1,68.24,0,Alto
1280,6249.49,1.31,597.7,36.74,0,Baixo
1281,7703.45,9.42,723.6,72.72,0,Alto
1282,8568.89,3.75,695.0,68.58,1,Alto
1283,2107.89,9.25,620.9,15.32,0,Baixo
1284,4673.49,10.48,665.6,73.37,1,Baixo
1285,6798.4,3.65,593.0,44.43,0,Médio
1286,5540.77,8.49,611.6,29.59,0,Baixo
1287,8105.38,6.58,694.3,66.4,0,Alto
1288,12683.41,8.05,770.5,60.55,1,Médio
1289,5772.72,9.48,782.8,13.13,1,Baixo
1290,5330.69,6.0,463.5,64.36,0,Médio
1291,3894.8,7.62,544.8,34.65,0,Baixo
1292,5573.05,6.39,718.5,52.87,0,Alto
1293,8705.54,0.1,602.3,82.12,0,Alto
1294,3668.21,1.32,677.5,42.78,0,Médio
1295,4320.57,7.31,536.2,75.51,0,Alto
1296,10259.45,4.92,600.7,22.16,0,Médio
1297,4261.42,4.84,567.5,50.52,1,Médio
1298,5125.45,2.8,763.0,43.37,1,Médio
1299,5506.17,8.67,680.9,52.89,0,Baixo
1300,8165.27,5.65,608.3,68.17,0,Alto
1301,3521.8,8.76,647.4,40.86,0,Baixo
1302,3738.71,0.95,486.5,42.62,0,Alto
1303,5595.17,7.43,802.1,27.16,1,Baixo
1304,12375.45,5.23,528.3,40.65,0,Baixo
1305,8772.24,1.19,568.5,44.94,0,Médio
1306,4303.01,0.7,724.0,23.22,1,Médio
1307,2237.56,6.02,559.9,56.02,0,Médio
1308,10338.02,0.6,715.8,13.12,0,Baixo
1309,3587.2,4.17,764.0,57.22,0,Alto
1310,9343.35,11.43,590.3,26.03,1,Baixo
1311,7768.01,9.05,642.0,0,0,Baixo
1312,8293.84,7.84,665.9,74.06,1,Baixo
1313,5836.49,8.22,653.5,36.84,0,Baixo
1314,5692.37,7.16,598.8,54.25,0,Médio
1315,6153.96,0.1,702.9,98.48,1,Alto
1316,4877.42,3.29,447.4,9.44,0,Baixo
1317,5864.64,8.73,753.5,2.27,1,Baixo
1318,5659.53,9.59,546.2,78.81,0,Médio
1319,5952.12,1.76,753.2,31.66,1,Médio
1320,6678.87,1.82,785.0,85.12,1,Alto
1321,5282.98,3.1,564.8,56.27,0,Baixo
1322,3366.86,0.1,682.7,48.13,1,Alto
1323,6192.06,0.1,459.9,19.16,0,Baixo
1324,4851.48,5.94,615.9,31.7,0,Baixo
1325,7203.29,4.33,558.5,58.57,1,Médio
1326,4595.59,5.83,700.8,74.55,1,Médio
1327,5118.85,7.46,556.1,29.3,1,Médio
1328,4216.04,8.9,456.2,42.39,0,Baixo
1329,6289.12,2.99,637.9,37.2,0,Médio
1330,9778.14,0.1,678.3,70.5,0,Alto
1331,11782.25,0.56,550.7,47.4,1,Médio
1332,8797.56,2.21,543.5,38.5,0,Baixo
1333,8392.38,8.39,575.9,43.83,0,Baixo
1334,5664.07,2.51,636.6,52.45,0,Médio
1335,3337.86,6.75,568.4,20.32,0,Baixo
1336,8738.49,0.1,667.8,2.55,0,Baixo
1337,6180.16,1.81,583.0,53.85,0,Médio
1338,7783.9,8.68,605.8,63.37,0,Baixo
1339,4318.52,3.55,418.7,48.18,0,Médio
1340,3543.89,0.28,483.0,49.42,0,Médio
1341,5829.95,3.32,596.7,57.07,1,Alto
1342,7995.86,6.05,483.5,51.74,0,Médio
1343,4233.97,8.21,724.7,11.72,0,Baixo
1344,6618.37,3.62,558.6,68.27,0,Médio
1345,7976.5,6.61,665.9,53.26,0,Alto
1346,4110.64,4.76,745.5,75.49,0,Alto
1347,11107.69,5.55,757.4,35.52,1,Baixo
1348,4443.22,9.33,566.5,60.15,0,Alto
1349,10668.18,3.27,663.1,48.09,1,Médio
1350,4721.08,0.1,593.0,76.26,1,Alto
1351,6911.3,3.85,544.5,45.02,0,Médio
1352,2324.71,4.66,607.5,52.52,0,Baixo
1353,4119.01,9.28,732.1,44.84,1,Baixo
1354,9958.35,0.82,697.4,58.08,1,Alto
1355,12470.19,2.78,637.3,79.45,0,Alto
1356,4172.57,5.39,625.0,53.89,1,Médio
1357,7955.96,4.3,599.6,32.22,0,Baixo
1358,16864.9,6.02,649.6,66.25,1,Médio
1359,6893.07,6.91,491.2,39.45,0,Médio
1360,15695.41,7.16,740.3,54.16,1,Médio
1361,10708.56,9.11,682.3,46.99,0,Baixo
1362,7124.74,15.57,648.4,27.71,0,Baixo
1363,8140.53,5.86,740.4,29.02,0,Baixo
1364,4415.87,6.17,723.5,52.64,1,Médio
1365,7158.38,13.48,455.3,41.43,0,Baixo
1366,3021.67,8.51,445.0,41.02,0,Médio
1367,6694.22,11.32,526.1,81.98,0,Alto
1368,8884.43,2.63,648.0,53.54,1,Alto
1369,11749.37,6.99,449.9,94.61,0,Alto
1370,4777.85,1.0,730.9,32.34,0,Médio
1371,4940.48,0.92,637.3,80.18,0,Alto
1372,15166.67,3.71,478.2,24.04,0,Baixo
1373,13370.33,5.4,628.7,23.75,1,Baixo
1374,14220.68,5.88,654.4,61.13,1,Médio
1375,13282.19,7.47,512.1,36.2,0,Baixo
1376,5326.96,2.01,607.8,75.13,1,Alto
1377,10683.77,4.88,442.8,22.08,1,Baixo
1378,6314.96,2.3,472.4,15.22,0,Baixo
1379,6645.44,3.67,596.0,40.29,0,Médio
1380,9096.91,1.53,813.0,44.6,1,Médio
1381,3916.23,6.89,667.7,47.23,1,Baixo
1382,3805.92,6.19,681.0,47.84,0,Médio
1383,5231.42,4.41,456.6,56.9,0,Médio
1384,10151.14,2.18,579.3,41.86,0,Médio
1385,19334.58,0.1,455.5,15.8,0,Baixo
1386,3100.12,4.0,559.7,57.93,0,Alto
1387,2757.05,3.67,478.8,76.3,0,Médio
1388,6977.16,7.84,678.5,21.26,1,Baixo
1389,3310.07,4.31,711.5,68.82,1,Alto
1390,6474.07,6.14,595.2,65.59,0,Médio
1391,5990.75,5.11,548.2,83.74,0,Alto
1392,7729.28,1.59,590.1,62.99,0,Alto
1393,3637.58,8.48,503.2,53.56,0,Médio
1394,9538.4,6.25,652.6,56.96,0,Médio
1395,7979.44,0.1,713.8,28.43,1,Alto
1396,6372.2,6.31,507.9,39.47,0,Baixo
1397,6129.07,2.1,334.9,76.13,0,Médio
1398,9143.5,6.43,717.3,44.18,0,Médio
1399,2888.5,5.22,779.0,29.32,1,Baixo
1400,5228.76,3.5,538.5,43.33,0,Baixo
1401,5548.83,1.37,722.2,38.48,1,Médio
1402,5033.18,3.87,503.5,21.28,0,Baixo
1403,14697.42,4.62,699.1,22.17,0,Baixo
1404,3203.85,3.44,589.1,13.71,0,Baixo
1405,4179.25,8.79,647.0,49.22,0,Médio
1406,14124.35,2.88,470.1,41.78,0,Médio
1407,4276.05,11.42,501.6,43.3,0,Baixo
1408,2868.75,5.4,604.1,43.74,0,Médio
1409,3636.31,0.1,617.9,70.23,0,Médio
1410,15755.13,2.51,898.5,70.96,1,Alto
1411,3831.31,5.85,629.3,41.07,0,Médio
1412,7955.55,11.39,656.3,58.76,0,Médio
1413,3805.44,8.38,577.4,71.4,0,Baixo
1414,5138.09,3.61,776.7,76.84,0,Alto
1415,5492.72,6.82,659.9,17.63,1,Baixo
1416,6762.16,2.1,590.5,44.56,0,Médio
1417,1995.43,0.1,525.1,46.46,0,Médio
1418,3484.43,1.7,839.9,26.11,1,Médio
1419,5618.11,9.1,631.2,61.03,1,Baixo
1420,10080.54,4.4,725.8,62.93,1,Baixo
1421,14456.77,0.85,671.1,41.68,1,Alto
1422,6291.2,8.18,512.5,35.49,0,Médio
1423,9038.75,0.48,758.8,2.49,1,Baixo
1424,8247.82,3.9,698.4,19.78,1,Médio
1425,9757.06,5.3,648.3,25.7,1,Baixo
1426,4034.17,5.84,486.8,21.95,0,Baixo
1427,19650.71,2.66,643.3,78.34,1,Alto
1428,3049.22,0.1,614.8,56.64,0,Alto
1429,7684.78,5.49,576.6,56.78,0,Médio
1430,1500,3.35,556.7,48.83,0,Médio
1431,3729.94,4.58,610.7,67.6,0,Médio
1432,3700.07,0.1,449.8,77.82,0,Alto
1433,7042.14,5.83,606.8,0,0,Baixo
1434,1901.62,8.23,628.6,38.0,1,Baixo
1435,3202.95,5.86,616.9,6.43,0,Baixo
1436,5652.8,2.86,449.5,25.48,0,Médio
1437,9567.33,6.79,703.5,58.55,1,Baixo
1438,4624.36,5.56,568.4,35.01,0,Médio
1439,5427.32,6.25,572.0,53.71,0,Médio
1440,3558.19,4.24,900,40.23,1,Baixo
1441,11185.56,6.42,541.5,49.44,0,Médio
1442,6925.1,5.51,557.2,61.67,0,Médio
1443,7552.97,0.1,626.1,41.04,0,Alto
1444,4975.39,5.23,754.5,33.22,1,Baixo
1445,1946.02,9.01,559.2,56.9,1,Médio
1446,8929.85,5.56,671.8,49.71,0,Baixo
1447,7386.48,10.53,448.7,26.11,0,Médio
1448,5853.23,5.02,568.0,4.3,0,Baixo
1449,7386.47,7.69,625.8,74.6,0,Baixo
1450,10005.71,0.59,473.0,43.61,0,Alto
1451,10624.85,0.1,487.1,65.1,0,Médio
1452,7103.58,3.76,539.5,58.94,1,Médio
1453,4093.62,3.98,762.6,33.55,0,Baixo
1454,5934.7,0.49,652.1,34.5,0,Baixo
1455,5298.08,6.14,584.1,66.5,1,Médio
1456,8288.14,2.87,642.3,38.42,1,Médio
1457,9363.23,7.77,561.3,45.56,0,Médio
1458,3553.95,6.2,827.8,31.89,0,Baixo
1459,2744.09,1.71,564.7,48.36,0,Alto
1460,3868.53,0.65,582.1,43.85,1,Médio
1461,3708.21,7.16,747.9,31.8,1,Baixo
1462,1685.76,0.1,645.7,18.93,0,Médio
1463,6021.35,1.7,706.8,70.55,1,Médio
1464,6280.8,5.42,900,66.38,1,Médio
1465,6365.82,8.07,580.0,3.97,0,Baixo
1466,6080.92,5.48,621.4,31.9,0,Médio
1467,3227.05,5.86,680.0,40.64,1,Baixo
1468,1630.23,0.6,537.8,68.04,0,Médio
1469,4676.61,3.73,510.9,51.77,0,Médio
1470,3743.64,5.93,689.5,49.9,0,Baixo
1471,9571.08,0.23,781.5,67.5,1,Alto
1472,15400.0,8.18,614.8,20.25,0,Baixo
1473,1889.79,4.2,444.0,64.87,0,Alto
1474,6010.88,6.04,534.7,37.58,0,Médio
1475,4442.27,5.71,603.0,23.06,0,Baixo
1476,5540.56,2.05,763.2,40.75,1,Médio
1477,5044.8,5.84,662.0,75.15,1,Médio
1478,8836.03,7.72,537.3,17.0,0,Médio
1479,6319.95,12.31,600.0,18.33,0,Baixo
1480,7671.04,10.0,614.5,59.68,1,Médio
1481,5377.24,2.26,606.6,44.0,0,Alto
1482,6233.36,7.38,513.8,69.96,0,Médio
1483,4726.83,0.1,515.4,50.11,0,Médio
1484,4968.69,3.51,679.2,27.82,1,Baixo
1485,4993.43,2.8,696.1,0,0,Baixo
1486,3604.33,3.14,550.9,33.98,0,Médio
1487,4155.8,6.22,613.8,21.39,0,Alto
1488,6540.18,3.43,800.5,13.51,1,Baixo
1489,6411.75,4.79,552.6,77.25,1,Alto
1490,3773.91,9.77,580.1,42.07,1,Baixo
1491,10295.58,9.25,525.3,42.4,0,Baixo
1492,11169.48,4.58,735.1,49.28,1,Médio
1493,6631.02,3.57,674.9,34.52,0,Médio
1494,4484.98,0.1,604.2,39.36,0,Médio
1495,3974.71,6.02,603.8,63.37,0,Alto
1496,6686.39,1.84,827.6,43.02,1,Alto
1497,2450.44,2.84,583.8,38.56,0,Alto
1498,7018.31,3.87,625.6,58.32,0,Médio
1499,4914.37,2.14,431.1,63.83,0,Médio
1500,3248.05,4.11,631.4,34.15,0,Médio
1501,6800.99,9.86,720.4,23.77,0,Baixo
1502,3460.67,0.2,664.3,56.07,0,Alto
1503,6109.9,4.57,541.1,65.28,0,Alto
1504,8421.79,0.1,713.5,39.2,0,Médio
1505,9024.82,9.01,518.8,5.96,1,Baixo
1506,4024.85,9.31,537.7,46.73,0,Baixo
1507,7032.5,2.06,683.5,81.07,0,Médio
1508,14050.22,5.01,699.9,50.38,0,Médio
1509,7210.79,0.1,534.1,32.26,1,Baixo
1510,4424.63,0.28,581.9,55.96,1,Médio
1511,6835.2,4.32,579.1,26.52,1,Baixo
1512,7269.1,3.43,514.3,34.15,0,Médio
1513,7635.24,1.73,503.7,99.76,0,Alto
1514,5080.34,5.12,756.6,65.55,0,Médio
1515,4533.56,6.06,633.7,83.34,0,Alto
1516,11225.23,4.32,618.9,43.96,0,Médio
1517,5019.63,0.1,501.1,52.12,0,Alto
1518,3269.46,3.72,531.2,72.2,0,Alto
1519,11380.84,8.0,705.9,37.98,0,Médio
1520,4101.83,0.46,649.7,56.08,0,Médio
1521,14004.92,0.63,574.9,33.75,0,Médio
1522,7890.75,7.23,618.3,53.56,1,Médio
1523,3054.78,6.11,560.5,29.98,0,Baixo
1524,6345.31,3.72,700.9,50.8,0,Médio
1525,6711.81,0.1,593.7,42.95,1,Médio
1526,3394.9,3.77,701.4,50.27,1,Médio
1527,5704.37,5.55,581.9,45.23,0,Médio
1528,8024.84,3.72,717.9,72.92,1,Alto
1529,10903.46,2.78,585.3,18.11,0,Médio
1530,27437.11,6.96,613.7,65.75,1,Médio
1531,6320.76,6.51,567.3,61.76,1,Médio
1532,3974.91,2.86,609.7,41.45,0,Médio
1533,3831.98,4.9,598.6,61.95,0,Alto
1534,7772.99,3.41,562.7,23.3,0,Médio
1535,3859.27,6.16,446.6,57.43,0,Médio
1536,12344.11,5.78,623.5,30.37,1,Baixo
1537,4594.81,4.42,726.8,75.76,0,Alto
1538,3533.88,4.31,497.9,21.63,0,Baixo
1539,3652.67,5.22,446.5,47.55,0,Médio
1540,5754.7,5.65,707.8,78.62,1,Alto
1541,5275.84,10.24,746.4,23.87,1,Baixo
1542,4740.09,0.28,411.9,33.65,0,Baixo
1543,3094.0,5.88,500.9,36.77,0,Médio
1544,5824.96,4.26,464.8,56.34,0,Médio
1545,7417.28,4.45,589.6,96.97,1,Alto
1546,13782.67,4.97,544.1,68.42,0,Alto
1547,3879.25,4.78,638.0,52.81,1,Médio
1548,4515.06,2.22,635.2,42.61,0,Médio
1549,12333.45,1.76,698.7,27.3,0,Médio
1550,4831.47,4.59,678.5,96.69,1,Alto
1551,7870.9,3.33,662.6,5.07,1,Baixo
1552,5023.94,7.97,830.2,19.83,1,Baixo
1553,5251.09,0.1,654.7,57.77,0,Alto
1554,5055.77,4.23,483.6,42.14,0,Médio
1555,3685.9,0.1,580.2,41.36,0,Alto
1556,5217.37,7.86,517.3,6.07,0,Médio
1557,7544.38,2.61,727.3,62.66,1,Médio
1558,5975.15,4.53,441.9,50.09,0,Alto
1559,14106.29,7.01,688.9,57.68,1,Baixo
1560,4219.98,5.2,691.5,52.04,0,Alto
1561,12655.6,8.65,474.7,82.01,0,Médio
1562,7065.01,0.1,698.1,73.86,1,Médio
1563,7148.33,4.83,620.1,78.64,0,Alto
1564,5099.49,4.3,624.2,72.0,0,Alto
1565,8014.01,5.47,460.3,67.27,0,Alto
1566,3426.09,0.1,771.0,15.91,0,Médio
1567,4526.92,0.1,615.2,87.05,0,Alto
1568,19046.21,7.66,818.3,82.33,1,Alto
1569,3060.86,0.1,607.1,36.73,0,Médio
1570,11789.73,5.23,516.3,66.0,0,Alto
1571,6203.11,3.07,558.4,48.9,0,Médio
1572,11208.36,5.43,702.4,19.83,0,Alto
1573,8043.31,2.13,677.7,66.26,1,Médio
1574,3307.86,3.86,453.3,19.4,0,Baixo
1575,5646.55,8.66,762.9,62.21,1,Baixo
1576,5293.34,0.1,498.4,47.76,0,Médio
1577,7420.37,3.45,641.0,5.43,0,Baixo
1578,10113.96,5.12,519.2,62.26,0,Médio
1579,3029.41,6.79,737.6,60.54,0,Médio
1580,5693.77,4.34,588.0,73.92,1,Alto
1581,11876.01,6.25,750.7,69.41,1,Alto
1582,7407.7,2.46,462.4,96.83,0,Médio
1583,3004.94,3.49,462.4,20.81,0,Baixo
1584,4180.2,5.41,626.7,30.74,0,Médio
1585,6026.6,4.38,601.5,63.31,0,Alto
1586,2972.35,7.97,725.3,51.79,0,Médio
1587,5115.91,7.99,748.2,80.86,1,Médio
1588,6808.41,7.59,649.1,75.51,1,Alto
1589,6639.86,2.52,733.9,29.24,1,Médio
1590,9982.84,4.85,611.1,29.7,0,Baixo
1591,8247.36,8.55,556.9,28.57,0,Baixo
1592,3923.1,3.82,565.2,40.5,0,Médio
1593,4863.16,5.53,637.8,41.29,0,Baixo
1594,5469.17,6.42,562.5,29.19,0,Baixo
1595,9088.68,2.82,683.0,54.83,1,Médio
1596,6210.9,7.26,667.1,55.89,1,Alto
1597,11468.67,8.03,645.1,31.68,0,Baixo
1598,9385.5,4.96,606.2,52.24,1,Alto
1599,8447.35,5.82,513.1,67.79,1,Médio
1600,8315.11,10.73,579.0,54.04,1,Baixo
1601,7040.63,7.95,533.8,0,0,Baixo
1602,6347.79,0.1,496.3,48.67,0,Alto
1603,6327.74,0.1,591.5,53.84,1,Alto
1604,9660.66,9.6,531.5,33.25,0,Baixo
1605,4705.28,9.46,567.5,48.92,0,Médio
1606,8540.1,0.14,488.7,37.1,1,Médio
1607,17866.71,5.52,727.1,63.79,1,Médio
1608,6055.03,0.1,647.2,36.2,0,Baixo
1609,12823.03,5.02,606.8,53.96,0,Médio
1610,6598.04,0.1,733.1,80.03,1,Alto
1611,4486.04,4.53,460.8,9.32,0,Baixo
1612,4086.01,3.93,608.1,43.39,0,Médio
1613,5103.11,4.34,592.5,70.23,0,Alto
1614,9117.33,3.57,605.8,30.4,0,Baixo
1615,2465.94,8.81,689.2,15.29,0,Baixo
1616,24336.02,1.11,800.4,38.81,0,Médio
1617,4054.52,5.66,700.7,52.29,1,Médio
1618,4061.7,4.95,440.0,56.56,0,Alto
1619,4313.13,2.73,670.6,76.22,1,Alto
1620,6840.84,4.48,448.9,36.04,0,Baixo
1621,8009.57,10.41,819.9,57.19,1,Médio
1622,7701.2,4.41,497.1,39.78,0,Baixo
1623,5973.53,4.78,408.0,64.73,0,Médio
1624,7050.22,4.31,609.7,64.17,0,Médio
1625,5926.74,5.01,607.3,84.03,0,Alto
1626,14885.35,0.1,699.1,49.11,1,Médio
1627,5046.06,6.7,604.0,47.24,0,Médio
1628,6679.15,7.34,679.3,40.68,0,Baixo
1629,4826.09,6.92,638.2,37.46,0,Baixo
1630,9630.52,1.54,660.1,30.13,1,Médio
1631,3110.67,3.41,591.1,36.83,0,Médio
1632,11648.88,1.78,636.7,58.2,1,Médio
1633,14043.32,5.25,716.5,77.18,1,Médio
1634,5867.68,6.53,502.0,65.02,1,Médio
1635,5559.66,2.59,592.8,73.13,1,Alto
1636,3178.02,4.77,641.3,43.92,1,Médio
1637,4471.94,1.47,596.6,70.38,0,Alto
1638,13670.76,5.16,711.6,0,1,Baixo
1639,4681.64,12.86,707.2,61.87,0,Baixo
1640,3398.77,6.13,647.8,73.57,0,Médio
1641,2561.87,5.57,517.1,57.93,0,Alto
1642,5855.45,5.64,448.6,53.71,0,Alto
1643,4738.59,5.17,636.9,67.65,1,Alto
1644,6326.5,3.84,623.6,26.98,0,Médio
1645,3508.79,11.49,618.9,27.58,0,Baixo
1646,3606.83,6.27,648.6,35.43,0,Médio
1647,3335.74,4.29,570.7,51.34,1,Baixo
1648,4270.51,12.13,715.3,40.13,0,Baixo
1649,8688.59,6.18,599.8,92.29,1,Alto
1650,4564.53,4.73,598.5,23.2,1,Baixo
1651,9315.81,4.58,486.5,50.15,0,Médio
1652,11770.03,2.56,550.5,30.29,0,Médio
1653,11221.6,2.05,629.2,45.23,0,Baixo
1654,9256.22,4.04,556.6,21.15,0,Baixo
1655,1774.04,7.53,626.8,37.71,0,Baixo
1656,7434.69,2.98,686.0,27.28,1,Médio
1657,13564.9,3.14,609.9,0,0,Baixo
1658,6296.52,0.1,687.0,52.31,1,Médio
1659,3539.7,5.27,655.7,52.29,0,Médio
1660,19657.44,0.1,638.1,48.68,1,Médio
1661,6630.9,3.74,626.0,38.95,0,Médio
1662,5262.67,0.1,578.1,30.75,0,Baixo
1663,3539.07,7.19,605.1,50.39,0,Baixo
1664,6913.47,10.19,731.6,46.11,1,Baixo
1665,3776.66,1.22,672.1,33.7,0,Alto
1666,6294.7,7.03,593.0,24.14,0,Médio
1667,9773.24,6.07,560.9,27.22,0,Baixo
1668,6098.88,2.17,540.0,46.94,0,Médio
1669,4728.23,3.17,657.8,52.21,0,Médio
1670,6436.73,1.5,757.0,38.92,0,Médio
1671,5963.05,0.76,583.6,43.48,0,Médio
1672,8660.91,0.1,590.9,83.98,0,Alto
1673,4479.05,6.49,563.2,35.14,0,Baixo
1674,8945.85,6.7,849.4,46.4,1,Alto
1675,7126.25,0.1,678.6,10.22,1,Médio
1676,5872.36,3.67,733.8,65.96,1,Alto
1677,2630.72,0.1,760.8,48.46,0,Médio
1678,12570.48,5.7,504.3,14.17,1,Baixo
1679,3811.07,4.31,600.4,69.86,0,Alto
1680,12156.77,4.54,395.5,55.62,0,Alto
1681,18571.16,0.1,471.7,44.79,1,Médio
1682,6709.5,7.95,600.9,24.45,0,Baixo
1683,2718.78,8.83,765.7,57.76,0,Médio
1684,7782.55,4.32,611.5,77.54,0,Alto
1685,9932.13,4.44,425.3,57.17,0,Baixo
1686,9154.89,1.66,446.4,91.19,0,Alto
1687,10027.41,0.1,489.7,28.98,0,Alto
1688,9027.26,4.95,652.5,27.34,1,Baixo
1689,10174.67,2.48,670.9,41.19,0,Baixo
1690,2842.22,8.52,675.8,32.93,0,Baixo
1691,1500,3.47,684.7,26.12,0,Baixo
1692,7893.76,6.11,484.7,24.49,0,Baixo
1693,17644.38,2.27,636.2,35.56,0,Médio
1694,5804.29,4.18,555.6,63.48,0,Alto
1695,8765.88,9.85,614.9,10.01,1,Baixo
1696,4678.27,5.07,680.5,23.07,1,Baixo
1697,8475.49,0.1,573.0,56.07,0,Baixo
1698,7253.91,5.72,649.0,69.18,1,Alto
1699,5263.91,7.31,718.7,50.41,1,Baixo
1700,6183.7,7.15,594.6,32.62,0,Baixo
1701,6738.72,5.0,513.3,13.01,0,Baixo
1702,3004.88,5.56,574.8,66.67,0,Médio
1703,5691.63,4.29,598.4,58.14,0,Médio
1704,12466.16,8.01,490.5,46.87,1,Médio
1705,5223.77,6.2,537.5,39.67,0,Médio
1706,3941.22,3.47,739.5,38.09,0,Médio
1707,7878.54,0.1,680.2,47.95,0,Alto
1708,4909.6,6.36,691.9,83.31,1,Alto
1709,4171.55,0.1,711.6,46.96,1,Médio
1710,12906.35,1.66,408.1,2.95,0,Baixo
1711,6214.24,5.77,590.8,29.52,1,Baixo
1712,5418.73,5.21,591.6,56.78,1,Médio
1713,9552.81,9.57,642.3,17.36,1,Baixo
1714,11574.87,4.29,702.3,77.65,0,Médio
1715,3885.33,6.73,634.6,61.38,0,Baixo
1716,8598.82,7.12,666.0,43.21,1,Alto
1717,4207.61,0.43,616.7,13.49,0,Médio
1718,5444.24,6.28,609.7,46.18,0,Baixo
1719,7438.69,5.3,597.6,51.89,0,Baixo
1720,4046.49,0.1,654.9,68.87,1,Alto
1721,13212.67,0.1,537.1,9.92,1,Baixo
1722,4250.88,5.56,795.3,30.14,1,Baixo
1723,5410.06,4.58,598.1,33.35,0,Baixo
1724,7108.06,2.7,551.8,4.33,0,Baixo
1725,4023.94,6.6,523.7,0,0,Baixo
1726,8334.98,3.99,719.3,60.3,0,Alto
1727,7825.79,7.17,604.5,20.29,0,Baixo
1728,3227.91,6.58,537.0,37.64,0,Baixo
1729,9796.77,6.64,562.8,6.47,0,Baixo
1730,4746.3,2.29,730.8,74.09,1,Médio
1731,4954.03,5.73,429.8,44.27,0,Médio
1732,6245.98,7.22,682.9,0,0,Baixo
1733,6795.7,9.85,563.7,45.48,1,Médio
1734,3700.96,0.26,572.2,49.12,0,Alto
1735,5256.0,10.06,693.6,42.42,1,Baixo
1736,3272.94,5.64,673.0,58.84,0,Baixo
1737,3515.08,7.65,642.3,4.6,0,Baixo
1738,3795.68,3.51,632.7,43.82,0,Alto
1739,14198.58,3.49,562.9,54.83,0,Baixo
1740,5665.13,2.75,633.4,54.56,0,Médio
1741,4812.49,0.9,604.2,1.79,1,Baixo
1742,3691.82,7.16,587.5,48.62,0,Alto
1743,5935.97,5.51,694.3,63.66,1,Médio
1744,4309.87,3.22,652.7,6.5,0,Baixo
1745,5271.99,5.45,576.9,39.04,0,Médio
1746,4679.01,1.99,516.9,84.11,0,Alto
1747,6441.92,5.76,500.3,50.03,0,Médio
1748,4479.69,0.77,731.2,37.73,1,Médio
1749,13557.91,6.28,569.4,23.82,0,Médio
1750,4897.2,2.58,600.8,41.37,0,Baixo
1751,6122.63,3.0,489.8,56.35,0,Alto
1752,4539.94,3.94,609.3,68.01,0,Baixo
1753,4692.36,5.73,588.8,57.77,0,Alto
1754,8826.48,2.07,489.1,54.41,0,Baixo
1755,5834.63,2.15,661.4,58.14,0,Alto
1756,7251.98,4.87,735.4,76.5,0,Alto
1757,6362.17,4.37,597.0,34.06,1,Médio
1758,10624.07,0.65,631.9,18.91,0,Baixo
1759,2445.89,9.86,585.3,47.27,0,Baixo
1760,4409.98,3.24,613.9,50.26,0,Baixo
1761,6502.23,3.39,780.7,27.39,1,Médio
1762,6626.66,0.53,689.0,44.93,1,Médio
1763,12244.99,5.05,586.2,43.3,0,Baixo
1764,4710.84,0.1,706.3,26.93,0,Médio
1765,20672.07,3.7,585.4,97.1,0,Alto
1766,3751.68,3.41,508.8,38.49,1,Médio
1767,12904.82,1.31,487.4,66.05,0,Alto
1768,6586.5,4.72,495.1,32.49,0,Baixo
1769,2841.57,9.49,504.2,56.78,0,Médio
1770,5471.99,4.94,722.4,0,0,Baixo
1771,4618.73,2.69,553.3,4.56,0,Baixo
1772,7140.52,1.83,569.6,27.2,1,Médio
1773,4734.34,8.0,553.5,11.49,0,Baixo
1774,4651.46,4.37,728.4,72.76,1,Alto
1775,2994.8,1.66,653.7,75.99,0,Alto
1776,3940.73,10.99,598.5,21.4,0,Médio
1777,3304.1,0.1,657.2,67.12,0,Alto
1778,3731.06,3.0,576.6,53.64,1,Médio
1779,13352.46,7.5,799.9,0,1,Baixo
1780,12979.83,10.36,654.3,80.84,1,Alto
1781,5579.8,4.57,735.9,95.92,0,Alto
1782,2170.6,5.71,871.4,79.26,0,Alto
1783,2945.93,4.48,584.5,54.52,0,Baixo
1784,4145.04,0.41,661.9,21.16,0,Baixo
1785,11695.22,3.09,657.4,56.67,1,Baixo
1786,4148.81,3.62,633.8,73.41,0,Médio
1787,10123.76,8.08,557.6,82.7,0,Alto
1788,7063.34,4.26,715.2,35.5,0,Baixo
1789,9692.03,4.72,611.1,45.68,1,Baixo
1790,7194.36,5.73,607.4,46.99,0,Médio
1791,4761.54,0.3,555.9,57.11,0,Médio
1792,5911.4,3.79,697.4,49.64,0,Médio
1793,5456.47,7.71,594.8,55.86,0,Baixo
1794,10370.32,1.13,650.4,14.79,0,Médio
1795,6280.37,4.15,712.8,50.95,0,Alto
1796,15052.31,4.53,542.2,82.69,0,Alto
1797,5932.11,4.96,624.5,46.08,1,Baixo
1798,9990.08,6.23,648.6,18.16,1,Baixo
1799,13206.99,8.22,648.3,68.76,1,Médio
1800,6228.16,3.88,563.4,72.11,0,Médio
1801,4448.58,4.19,570.3,58.42,0,Médio
1802,8648.1,4.42,766.2,54.28,0,Médio
1803,2248.45,9.61,719.8,58.6,0,Baixo
1804,5461.32,10.49,581.0,60.19,1,Baixo
1805,6779.16,3.51,720.4,18.59,0,Baixo
1806,3269.22,4.57,576.2,78.93,0,Alto
1807,7881.91,4.35,443.3,13.05,0,Baixo
1808,5458.67,0.1,583.9,17.41,0,Médio
1809,5032.41,0.44,630.5,30.45,0,Baixo
1810,5207.72,1.54,648.5,45.35,1,Baixo
1811,6244.92,7.2,522.5,0,0,Baixo
1812,4027.24,5.85,631.5,20.72,0,Baixo
1813,4031.47,9.34,666.2,34.35,0,Baixo
1814,6509.34,4.62,553.8,78.11,0,Alto
1815,9104.16,2.79,692.1,56.03,1,Médio
1816,7105.72,8.07,509.0,46.08,1,Médio
1817,8783.02,1.41,668.1,32.39,1,Médio
1818,3040.3,4.71,710.7,48.62,1,Baixo
1819,5987.85,1.88,660.7,37.69,1,Médio
1820,3216.64,7.34,771.2,38.01,0,Baixo
1821,2420.46,0.36,600.8,0,0,Baixo
1822,6320.25,7.29,563.0,72.03,0,Alto
1823,2747.01,0.91,634.7,41.73,0,Médio
1824,5604.08,3.75,684.8,82.69,0,Alto
1825,8880.35,10.75,667.5,62.09,0,Baixo
1826,6561.62,2.34,674.6,66.47,1,Alto
1827,3791.86,6.23,733.3,44.42,1,Baixo
1828,4377.49,0.82,550.5,19.71,1,Baixo
1829,7101.23,0.1,755.4,22.96,1,Baixo
1830,5223.27,4.08,658.2,0,0,Baixo
1831,7042.15,0.1,750.0,44.34,0,Baixo
1832,6676.18,5.51,539.1,44.6,0,Baixo
1833,3475.84,6.96,540.9,46.41,0,Médio
1834,4312.97,1.74,667.3,14.49,0,Baixo
1835,5577.87,2.24,586.5,18.79,0,Médio
1836,19716.35,1.65,572.5,4.19,0,Baixo
1837,6873.9,2.0,795.7,12.64,1,Baixo
1838,3557.3,5.37,654.4,38.67,0,Médio
1839,23873.24,3.24,688.8,59.44,1,Alto
1840,8402.14,6.11,664.5,72.58,0,Alto
1841,3890.48,0.82,647.2,2.41,0,Baixo
1842,6782.0,7.03,479.8,0,1,Baixo
1843,9010.89,2.63,679.2,44.56,0,Médio
1844,8802.98,5.24,465.4,28.87,0,Médio
1845,3861.19,8.98,743.8,87.19,1,Alto
1846,10599.66,6.15,556.2,54.85,0,Médio
1847,5969.71,6.9,604.6,42.86,1,Médio
1848,2452.62,1.28,558.6,62.78,0,Médio
1849,9961.77,1.86,633.8,71.45,1,Alto
1850,2496.09,4.49,595.7,48.66,0,Médio
1851,5241.33,1.47,544.3,74.59,0,Alto
1852,10982.44,4.07,511.9,48.86,0,Médio
1853,4161.08,5.3,711.3,44.54,1,Médio
1854,4376.19,1.38,743.3,42.06,1,Médio
1855,17359.7,9.0,659.0,32.83,1,Baixo
1856,8323.53,3.6,582.0,60.52,1,Médio
1857,10535.41,0.62,641.1,15.76,0,Baixo
1858,11632.74,4.21,624.4,46.59,0,Alto
1859,13110.75,3.81,741.8,62.14,1,Médio
1860,11930.56,1.48,670.1,64.82,0,Alto
1861,5380.33,0.55,545.3,24.15,0,Baixo
1862,6007.2,1.13,676.3,62.18,1,Baixo
1863,5582.98,7.94,733.5,49.66,1,Médio
1864,8302.72,3.7,789.4,54.01,0,Médio
1865,5313.45,0.1,564.2,73.88,0,Médio
1866,33409.82,5.83,706.1,25.92,1,Baixo
1867,3089.87,8.44,664.7,0.51,0,Baixo
1868,6095.89,2.55,433.5,38.13,0,Médio
1869,10470.35,2.55,556.8,83.41,0,Alto
1870,9954.74,0.72,569.2,44.2,0,Médio
1871,3497.53,6.98,700.2,61.91,1,Médio
1872,13317.22,9.45,538.4,29.87,1,Baixo
1873,4148.77,0.1,676.7,11.25,0,Baixo
1874,8267.55,3.49,631.3,21.46,0,Baixo
1875,8794.71,3.87,545.3,65.24,0,Médio
1876,4179.21,7.05,639.9,76.46,0,Alto
1877,1715.28,3.27,612.1,75.53,0,Alto
1878,6996.68,6.68,545.9,43.66,1,Médio
1879,3975.65,10.13,570.1,59.1,1,Médio
1880,4220.78,4.54,731.5,85.79,1,Alto
1881,6342.38,0.1,542.0,28.41,0,Médio
1882,3606.39,7.88,611.8,17.74,1,Baixo
1883,5070.4,4.44,679.2,71.07,1,Alto
1884,13869.99,2.75,528.7,55.83,0,Médio
1885,6719.97,10.81,549.6,76.5,1,Médio
1886,8164.03,3.44,516.5,46.98,1,Médio
1887,7071.09,0.1,736.6,79.42,1,Alto
1888,9357.66,0.1,700.6,0,1,Baixo
1889,6444.91,6.27,581.7,23.66,1,Médio
1890,6844.17,3.08,569.7,31.69,1,Médio
1891,3695.56,2.1,674.9,53.9,0,Médio
1892,3629.49,6.98,638.0,24.76,0,Baixo
1893,2756.26,0.1,758.0,52.03,1,Médio
1894,5237.42,0.1,608.6,30.2,0,Médio
1895,5897.03,6.45,583.5,69.75,0,Alto
1896,2345.63,6.89,644.9,52.81,0,Baixo
1897,5006.56,1.08,622.8,56.97,0,Alto
1898,4685.6,6.38,649.1,49.41,0,Baixo
1899,7706.13,3.56,627.9,30.27,0,Médio
1900,7044.05,4.8,633.2,37.06,0,Baixo
1901,5545.41,0.1,438.9,48.62,0,Alto
1902,3237.97,3.07,700.5,49.37,0,Médio
1903,8794.24,4.39,567.8,52.85,1,Médio
1904,3422.75,4.26,596.1,36.84,1,Médio
1905,4953.45,6.35,660.5,51.38,1,Baixo
1906,9285.48,8.86,609.7,56.18,0,Baixo
1907,6101.16,3.92,776.2,41.29,1,Médio
1908,3334.59,0.57,493.5,35.45,0,Baixo
1909,4008.39,7.48,597.2,23.87,1,Baixo
1910,6137.14,9.21,550.5,54.3,0,Médio
1911,10298.1,3.6,481.7,30.16,0,Médio
1912,4294.72,0.1,754.9,25.38,1,Baixo
1913,5475.16,11.69,526.0,44.12,0,Baixo
1914,5089.4,8.43,784.3,51.3,1,Baixo
1915,13455.03,4.8,583.0,80.93,0,Alto
1916,5823.78,2.18,790.3,50.77,1,Baixo
1917,3060.79,1.24,670.3,12.28,0,Médio
1918,11098.34,3.78,673.6,80.51,1,Alto
1919,4495.79,2.67,700.3,57.44,1,Alto
1920,3216.5,1.22,518.8,33.49,0,Médio
1921,4459.27,1.95,548.5,34.36,0,Alto
1922,3766.24,4.01,623.3,39.86,0,Médio
1923,3952.74,4.15,694.9,12.79,0,Baixo
1924,2688.16,0.87,641.8,28.48,0,Baixo
1925,3936.93,4.87,628.3,38.41,0,Alto
1926,3243.11,5.31,757.0,15.84,1,Médio
1927,6665.65,9.4,806.2,47.1,0,Baixo
1928,5162.63,6.36,720.4,54.44,0,Alto
1929,5437.82,4.84,577.8,42.22,0,Médio
1930,12812.04,0.43,633.4,36.06,1,Baixo
1931,5771.48,5.12,491.4,69.58,0,Médio
1932,7647.26,6.39,717.2,32.25,0,Baixo
1933,4779.18,0.7,778.5,59.38,0,Alto
1934,5192.7,2.55,618.2,65.21,0,Médio
1935,3874.69,0.1,634.6,67.59,0,Alto
1936,7069.5,3.37,747.4,41.64,1,Médio
1937,3243.33,6.4,587.7,27.87,0,Baixo
1938,4408.68,3.46,561.4,61.07,0,Alto
1939,7071.03,4.67,611.9,55.94,0,Médio
1940,9032.86,5.75,504.9,25.77,1,Baixo
1941,3592.6,6.78,676.9,48.46,1,Médio
1942,5078.46,3.6,531.8,41.63,1,Médio
1943,3812.89,6.81,681.1,51.81,0,Baixo
1944,7870.28,0.1,630.4,43.74,0,Médio
1945,5789.42,7.27,705.1,47.87,1,Baixo
1946,11859.9,1.72,732.9,71.57,1,Alto
1947,3122.09,0.37,575.5,60.43,0,Alto
1948,5620.8,3.8,659.9,53.19,0,Alto
1949,2923.8,4.06,611.0,55.97,0,Alto
1950,6297.1,3.0,482.1,28.5,0,Baixo
1951,3033.7,3.97,615.6,51.34,0,Alto
1952,3743.33,1.42,580.5,48.35,1,Baixo
1953,4335.51,0.95,698.0,17.77,0,Baixo
1954,4883.89,4.55,612.2,0,1,Baixo
1955,3532.81,0.32,810.0,36.56,1,Médio
1956,10832.83,2.53,579.1,54.03,1,Médio
1957,12109.39,3.98,678.1,46.58,1,Baixo
1958,11401.26,5.14,459.4,74.88,0,Médio
1959,4355.29,3.45,712.0,8.61,0,Baixo
1960,3837.75,7.42,684.8,48.16,1,Alto
1961,4950.83,8.5,657.5,35.55,0,Médio
1962,3348.81,4.38,596.3,53.45,0,Médio
1963,6107.44,7.2,604.6,40.85,0,Médio
1964,7474.51,9.93,721.5,31.31,1,Baixo
1965,7686.54,2.98,773.2,55.14,0,Médio
1966,5658.86,3.95,667.6,67.24,1,Médio
1967,7538.47,1.37,591.5,76.42,1,Alto
1968,7266.35,6.9,542.9,53.74,0,Baixo
1969,6112.82,1.2,612.2,52.82,0,Alto
1970,5687.06,4.6,723.5,29.44,1,Baixo
1971,4522.89,2.45,525.8,22.9,1,Médio
1972,2903.12,3.04,514.7,59.9,0,Médio
1973,3812.73,3.6,717.3,74.94,0,Médio
1974,11145.49,5.27,691.8,16.64,0,Baixo
1975,4547.57,7.5,769.8,14.51,0,Baixo
1976,3099.23,4.76,565.4,69.06,0,Médio
1977,5597.77,0.19,626.3,47.25,1,Alto
1978,2760.93,11.05,559.5,87.06,0,Médio
1979,7867.89,9.05,561.4,44.69,0,Baixo
1980,8924.27,5.98,561.1,24.79,0,Baixo
1981,4175.39,0.1,672.4,49.16,0,Médio
1982,3190.2,1.36,532.0,7.42,0,Baixo
1983,7842.4,7.17,456.0,72.24,0,Alto
1984,6259.57,6.09,621.7,21.94,1,Médio
1985,6325.05,3.75,486.4,37.99,0,Alto
1986,6493.91,1.16,831.2,40.49,1,Médio
1987,7513.85,2.45,594.1,75.45,0,Alto
1988,9625.21,7.28,565.9,12.81,1,Baixo
1989,4901.35,3.99,694.2,65.66,0,Alto
1990,3190.91,2.7,636.7,63.56,0,Alto
1991,6114.79,4.19,664.9,58.01,0,Alto
1992,7359.2,6.05,505.2,24.03,0,Baixo
1993,6143.81,8.08,683.1,55.05,0,Baixo
1994,9155.98,2.88,684.2,43.03,1,Médio
1995,3910.1,2.94,672.8,45.51,0,Baixo
1996,5255.22,7.54,570.5,20.12,0,Baixo
1997,8418.41,7.78,768.5,60.94,1,Médio
1998,7304.55,5.72,537.6,85.59,0,Alto
1999,6388.9,0.1,654.8,62.22,0,Alto
2000,4459.42,0.1,664.9,41.63,1,Médio
2001,9009.0,4.72,586.8,36.43,1,Médio
2002,5557.51,6.56,705.8,40.47,0,Médio
2003,8340.83,1.43,634.6,39.13,0,Médio
2004,3133.34,8.69,676.1,80.95,1,Médio
2005,2546.59,3.24,537.6,50.83,0,Médio
2006,6613.27,1.91,764.8,49.5,1,Médio
2007,3572.84,5.5,640.4,32.67,0,Médio
2008,13935.24,6.88,728.2,29.05,1,Médio
2009,2127.61,3.26,593.3,22.53,1,Baixo
2010,12109.73,2.2,589.5,30.3,1,Baixo
2011,7410.8,6.85,711.3,34.86,1,Baixo
2012,10409.09,4.23,609.3,41.23,1,Médio
2013,7018.94,3.35,675.3,73.02,1,Alto
2014,4364.3,1.1,651.5,32.21,1,Médio
2015,6459.23,3.02,636.3,97.25,0,Alto
2016,7427.91,2.98,520.2,84.04,0,Alto
2017,9268.05,3.3,640.3,47.8,0,Médio
2018,7460.57,2.87,460.9,96.52,0,Alto
2019,3337.2,4.25,583.6,81.41,0,Alto
2020,9824.11,9.91,737.1,32.22,1,Baixo
2021,3710.52,5.76,900,42.86,1,Médio
2022,6084.24,4.83,653.6,36.69,0,Médio
2023,7317.51,8.47,692.6,72.86,1,Médio
2024,6227.93,7.33,766.9,47.4,1,Baixo
2025,6688.23,2.23,485.6,45.79,0,Médio
2026,7200.73,3.89,668.3,60.88,0,Alto
2027,12815.93,1.53,816.9,90.65,1,Alto
2028,6967.9,3.47,669.8,41.52,0,Médio
2029,13045.29,10.8,667.3,40.78,0,Médio
2030,9186.22,2.56,558.0,64.89,1,Médio
2031,7404.62,3.72,594.3,3.24,1,Baixo
2032,5486.67,3.87,709.3,64.2,1,Baixo
2033,4103.14,5.97,702.8,42.05,0,Médio
2034,1891.13,5.58,557.0,7.88,0,Baixo
2035,9175.36,7.48,648.6,76.85,0,Médio
2036,5109.35,7.31,507.7,36.74,0,Baixo
2037,4310.66,4.38,551.6,64.08,0,Médio
2038,5326.99,6.37,598.7,56.74,0,Médio
2039,6709.02,5.17,483.7,49.06,0,Médio
2040,6721.43,13.2,533.1,40.43,0,Baixo
2041,4258.07,0.1,655.1,69.31,1,Alto
2042,3710.71,0.36,567.6,45.76,0,Alto
2043,3199.26,0.1,876.8,49.75,1,Médio
2044,6437.53,4.47,510.6,83.08,0,Alto
2045,3946.96,7.9,495.6,59.91,0,Médio
2046,9658.25,1.01,662.1,67.42,0,Alto
2047,5241.07,6.29,760.8,34.23,0,Médio
2048,7584.09,3.67,602.7,52.94,0,Médio
2049,5785.72,4.66,568.9,61.51,1,Médio
2050,3762.08,11.86,378.6,53.63,0,Baixo
2051,4854.46,9.11,598.9,42.11,0,Baixo
2052,8044.15,7.54,556.8,31.51,0,Baixo
2053,7462.54,8.2,757.7,74.48,1,Médio
2054,6335.56,1.95,698.7,39.99,0,Baixo
2055,9017.88,0.27,760.1,53.4,1,Médio
2056,5621.83,5.48,759.2,58.69,1,Alto
2057,9443.72,4.55,816.8,10.97,1,Baixo
2058,2634.86,12.02,578.2,65.34,0,Médio
2059,8975.09,5.32,659.3,14.97,1,Baixo
2060,6607.52,8.9,585.7,41.43,0,Baixo
2061,3372.57,4.36,621.3,32.41,0,Baixo
2062,8453.2,6.01,644.9,29.58,0,Baixo
2063,2574.68,0.99,618.0,32.09,0,Médio
2064,9480.51,2.37,609.4,52.94,0,Médio
2065,3868.58,5.83,663.2,79.96,1,Médio
2066,3080.67,6.13,533.9,38.95,0,Médio
2067,7931.07,3.75,486.6,52.32,1,Alto
2068,4371.93,8.38,777.5,47.9,1,Baixo
2069,4084.5,3.36,458.0,92.58,0,Alto
2070,13575.39,8.76,594.3,57.53,1,Médio
2071,9588.73,3.68,689.5,25.39,1,Médio
2072,5993.92,0.61,483.9,56.09,0,Alto
2073,6694.65,6.65,692.0,68.82,0,Médio
2074,7570.98,6.15,542.7,47.51,1,Médio
2075,4612.65,6.94,653.4,28.31,0,Baixo
2076,5166.64,9.12,596.4,32.54,0,Alto
2077,7562.07,6.71,585.6,61.45,0,Alto
2078,3685.85,0.69,632.7,29.31,1,Baixo
2079,9741.62,7.81,832.6,51.34,0,Baixo
2080,4776.59,4.62,645.4,41.15,0,Médio
2081,3607.56,3.85,617.8,21.7,0,Baixo
2082,5413.85,6.48,658.1,10.66,0,Baixo
2083,4014.13,7.93,486.4,65.58,0,Alto
2084,5418.5,9.05,522.4,20.37,0,Baixo
2085,2761.95,7.54,609.2,20.64,0,Baixo
2086,11478.25,2.0,774.1,67.24,1,Baixo
2087,9407.45,3.99,575.8,55.89,1,Médio
2088,3890.31,8.99,584.0,23.54,1,Baixo
2089,4156.1,7.91,657.4,55.71,1,Alto
2090,8291.7,9.37,516.9,28.17,0,Baixo
2091,2615.47,4.32,536.3,50.98,0,Médio
2092,7851.91,8.23,762.6,52.89,1,Médio
2093,6387.69,7.14,672.5,49.86,1,Baixo
2094,7488.49,7.27,552.5,87.7,0,Alto
2095,11410.13,3.46,519.0,14.53,0,Baixo
2096,4242.76,6.37,516.4,52.33,0,Alto
2097,3907.77,1.34,496.9,54.2,0,Alto
2098,8870.77,10.28,627.9,63.96,0,Baixo
2099,8905.75,2.19,496.6,54.8,0,Médio
2100,7846.04,2.46,474.0,0,0,Baixo
2101,3585.79,2.66,424.8,26.08,0,Médio
2102,6233.75,4.2,591.6,50.77,1,Médio
2103,3350.96,5.36,618.4,60.77,0,Médio
2104,4053.67,3.2,630.7,66.5,1,Médio
2105,13782.19,6.0,459.9,38.9,0,Médio
2106,4820.29,5.41,669.0,14.05,1,Médio
2107,8074.08,6.51,578.2,67.85,0,Médio
2108,6681.62,8.61,610.6,48.96,0,Médio
2109,12617.51,9.84,552.5,75.06,0,Médio
2110,5489.0,2.69,601.2,53.88,1,Alto
2111,8509.01,7.0,705.6,0,0,Baixo
2112,5260.28,6.3,563.8,34.06,0,Médio
2113,9889.75,10.37,678.4,10.21,1,Baixo
2114,10989.29,3.66,563.7,66.53,0,Alto
2115,5646.85,7.57,682.6,37.53,0,Médio
2116,7264.86,12.51,601.7,44.54,1,Baixo
2117,4715.72,5.09,553.7,41.29,0,Baixo
2118,10432.68,8.19,662.1,62.16,1,Alto
2119,10954.6,12.71,364.7,32.83,0,Baixo
2120,3470.86,0.13,476.3,28.58,0,Baixo
2121,8635.54,0.67,559.3,79.44,0,Alto
2122,15897.11,1.47,507.9,51.72,1,Alto
2123,7657.6,3.63,692.8,33.27,0,Médio
2124,7033.02,2.22,637.7,68.33,0,Médio
2125,3553.27,3.94,707.8,22.42,0,Baixo
2126,9293.01,3.29,609.6,70.63,1,Alto
2127,6019.89,0.1,523.6,21.97,0,Baixo
2128,5335.47,2.13,810.3,51.99,1,Médio
2129,4655.23,3.02,717.9,55.01,1,Alto
2130,14821.24,3.73,557.8,59.84,0,Alto
2131,11752.19,2.37,653.3,91.67,0,Alto
2132,9681.02,4.04,900,60.58,1,Médio
2133,4991.22,8.81,688.9,21.73,0,Baixo
2134,6047.04,5.27,413.1,61.3,0,Baixo
2135,8210.59,0.1,610.1,40.31,0,Alto
2136,5360.3,1.42,403.8,79.43,0,Alto
2137,2606.14,0.1,624.7,56.78,0,Médio
2138,11154.5,7.83,561.9,58.27,0,Baixo
2139,7953.01,4.31,699.9,41.27,1,Alto
2140,2377.54,5.21,642.5,20.35,1,Baixo
2141,5405.31,7.02,537.4,40.19,0,Baixo
2142,5255.78,4.12,713.0,37.2,1,Médio
2143,5294.76,7.47,701.6,23.84,1,Baixo
2144,3037.78,10.8,756.1,0,0,Baixo
2145,4028.16,0.1,572.1,83.88,0,Alto
2146,5326.02,4.21,542.5,0,1,Baixo
2147,7349.36,7.06,652.0,30.8,1,Baixo
2148,7121.46,5.77,756.5,0.89,1,Baixo
2149,13264.07,7.0,557.1,30.89,0,Médio
2150,2983.75,1.62,617.0,31.0,0,Médio
2151,3657.44,8.36,685.0,43.95,0,Médio
2152,8348.32,7.58,714.5,69.03,1,Alto
2153,8709.57,3.23,575.7,53.39,0,Médio
2154,13270.43,3.68,619.6,41.71,0,Médio
2155,5855.58,1.15,586.8,41.28,1,Médio
2156,5967.62,3.19,661.1,18.61,1,Médio
2157,6778.09,1.37,503.9,63.68,0,Alto
2158,8493.88,5.25,541.9,55.16,0,Médio
2159,3885.02,10.9,648.0,5.96,0,Baixo
2160,4770.07,2.5,515.2,76.53,0,Alto
2161,4069.89,8.24,550.7,49.14,0,Médio
2162,4093.06,9.78,716.2,33.14,0,Baixo
2163,3466.83,3.72,434.1,6.02,0,Baixo
2164,7935.44,3.23,609.6,84.95,1,Alto
2165,5488.14,8.37,662.4,43.48,0,Médio
2166,10051.6,8.32,642.8,3.59,1,Baixo
2167,8714.05,5.81,579.9,74.06,0,Médio
2168,5433.95,6.85,555.2,67.73,0,Médio
2169,6921.52,2.68,727.6,27.73,1,Médio
2170,4869.64,5.62,639.7,25.86,0,Baixo
2171,10846.92,10.08,478.1,27.49,1,Baixo
2172,3460.93,2.0,568.8,60.17,0,Médio
2173,6634.86,3.29,412.9,97.2,0,Alto
2174,4655.62,1.73,582.5,34.6,0,Baixo
2175,6981.12,1.51,701.7,20.73,1,Baixo
2176,6276.36,6.75,737.1,9.74,0,Baixo
2177,3763.11,4.27,718.4,61.41,1,Alto
2178,9134.35,6.91,586.0,20.49,1,Baixo
2179,6396.12,2.67,480.6,53.8,0,Baixo
2180,18851.0,1.62,537.7,19.1,0,Baixo
2181,4310.22,7.38,587.6,18.91,0,Médio
2182,9861.68,0.66,580.5,40.73,0,Médio
2183,2831.21,2.97,585.3,47.76,0,Médio
2184,8350.25,0.1,518.9,48.58,0,Médio
2185,4053.17,1.51,500.1,32.89,0,Médio
2186,16286.99,4.63,593.0,4.05,0,Baixo
2187,5037.57,5.55,743.6,0,1,Baixo
2188,10237.04,1.7,608.7,77.35,0,Alto
2189,5715.9,3.28,645.9,27.52,0,Baixo
2190,3104.31,3.12,729.3,80.6,0,Alto
2191,5843.57,6.01,541.9,12.97,0,Baixo
2192,4162.88,3.15,652.6,58.25,0,Alto
2193,2224.32,7.97,618.1,41.46,0,Baixo
2194,4172.9,0.1,592.0,17.09,1,Médio
2195,3091.43,6.66,785.2,52.14,1,Médio
2196,11262.21,4.87,639.0,28.12,1,Baixo
2197,3466.61,4.85,739.6,52.52,0,Alto
2198,4392.42,7.71,548.1,66.17,0,Médio
2199,3995.63,6.36,452.9,45.62,0,Médio
2200,4101.21,3.03,451.2,62.74,0,Alto
2201,2186.46,9.18,596.5,19.97,0,Baixo
2202,9051.27,0.1,492.7,89.76,0,Alto
2203,7861.19,0.1,613.3,4.84,1,Baixo
2204,3524.38,2.97,595.5,56.64,0,Alto
2205,3988.03,2.49,564.9,81.71,0,Médio
2206,3519.32,6.65,579.3,94.12,0,Alto
2207,5143.29,6.32,591.0,77.79,1,Médio
2208,2496.4,3.35,547.5,53.05,0,Médio
2209,4622.92,4.38,653.1,56.5,1,Alto
2210,5353.69,8.09,644.5,41.3,0,Médio
2211,8446.25,4.31,528.3,13.12,0,Baixo
2212,7539.65,3.53,596.2,49.3,0,Alto
2213,10760.36,4.36,720.5,36.2,1,Médio
2214,2232.71,2.37,655.2,17.64,0,Baixo
2215,8885.93,3.83,575.5,84.82,0,Alto
2216,3859.54,3.33,622.7,74.71,1,Médio
2217,4803.04,4.67,500.0,24.01,0,Baixo
2218,5258.39,3.48,540.1,44.59,0,Alto
2219,5184.93,1.8,816.9,33.94,1,Baixo
2220,7790.61,5.63,680.3,36.25,1,Baixo
2221,5595.27,0.1,628.3,40.49,0,Médio
2222,5007.42,2.81,635.3,76.01,0,Alto
2223,4844.53,0.1,670.2,37.85,1,Alto
2224,9169.34,2.75,499.3,13.29,0,Baixo
2225,6678.91,6.94,485.6,26.55,0,Baixo
2226,4177.9,9.19,697.8,50.02,0,Alto
2227,3269.57,5.57,573.3,73.02,0,Alto
2228,5565.78,1.27,705.3,60.83,1,Alto
2229,5339.84,0.1,607.6,57.61,0,Alto
2230,7029.24,2.81,612.9,78.41,0,Alto
2231,15782.76,9.38,576.8,32.08,1,Baixo
2232,5518.3,5.65,532.1,30.95,0,Baixo
2233,5826.36,4.35,459.8,14.24,0,Baixo
2234,5560.63,4.38,645.9,23.33,1,Médio
2235,2924.92,6.7,588.8,16.93,0,Médio
2236,4717.53,3.57,703.1,33.96,1,Médio
2237,6527.87,2.12,617.4,43.5,0,Médio
2238,6708.97,3.34,595.7,53.8,0,Médio
2239,5074.58,8.08,753.9,18.29,1,Baixo
2240,6686.69,8.81,529.8,52.28,0,Baixo
2241,3192.75,5.65,595.7,91.67,0,Alto
2242,6363.93,2.84,512.0,41.12,1,Médio
2243,10355.48,5.08,563.9,55.25,0,Médio
2244,6409.62,5.53,601.5,45.79,0,Baixo
2245,10073.64,9.63,623.5,26.55,0,Baixo
2246,4425.84,4.52,678.7,31.3,1,Médio
2247,2229.48,5.15,770.6,70.58,0,Baixo
2248,12496.83,3.72,415.4,46.96,0,Médio
2249,9167.54,6.33,612.4,61.82,1,Médio
2250,3517.12,0.23,477.6,17.97,0,Baixo
2251,8251.78,4.01,532.6,47.53,0,Médio
2252,5840.84,9.09,729.9,85.96,0,Médio
2253,5602.0,1.75,557.3,42.33,1,Alto
2254,9478.27,3.44,686.2,6.77,1,Baixo
2255,7196.22,0.1,427.6,92.85,0,Alto
2256,8930.6,6.77,649.3,62.53,1,Médio
2257,10800.89,1.63,632.7,16.2,1,Baixo
2258,7572.86,0.1,652.2,94.93,1,Alto
2259,8518.31,4.1,614.6,76.22,0,Alto
2260,4059.52,2.25,634.0,49.69,1,Médio
2261,4196.25,5.98,604.0,5.56,0,Baixo
2262,7453.94,3.79,711.7,66.48,1,Alto
2263,3257.19,0.56,483.2,75.9,0,Alto
2264,3647.58,0.1,632.4,41.66,0,Médio
2265,5563.98,4.16,568.1,18.44,0,Médio
2266,7045.03,1.77,515.0,52.63,0,Alto
2267,4303.43,1.48,684.7,66.32,1,Alto
2268,6874.92,2.16,634.6,73.56,0,Alto
2269,12363.99,6.14,715.1,38.15,1,Baixo
2270,5884.84,5.81,621.8,92.02,0,Alto
2271,4426.72,4.4,754.6,31.1,0,Baixo
2272,3773.87,6.82,648.8,52.29,1,Médio
2273,5493.33,2.95,589.2,61.7,0,Médio
2274,9216.92,5.32,687.7,12.88,1,Baixo
2275,17089.48,3.03,722.3,81.89,1,Médio
2276,4865.2,3.25,743.6,77.11,0,Médio
2277,4065.25,1.58,584.2,56.77,0,Alto
2278,3019.05,9.07,463.0,43.81,0,Médio
2279,16474.02,1.51,555.7,19.16,1,Médio
2280,5343.32,0.1,523.8,41.76,0,Médio
2281,5156.75,8.99,614.1,33.53,0,Baixo
2282,7305.4,7.59,755.5,45.35,0,Baixo
2283,4084.93,8.33,632.7,40.03,1,Médio
2284,9729.47,6.53,711.3,43.49,1,Médio
2285,4202.61,0.1,530.4,25.83,0,Baixo
2286,5487.96,7.67,755.5,54.21,1,Baixo
2287,5352.65,7.59,740.6,62.9,0,Médio
2288,5894.54,9.85,600.8,35.97,0,Baixo
2289,4349.41,8.06,772.8,65.17,1,Médio
2290,4459.53,5.1,900,58.67,1,Alto
2291,5216.51,0.88,606.1,41.34,1,Médio
2292,3951.95,8.33,664.7,60.75,1,Médio
2293,23767.75,0.1,770.8,26.37,1,Médio
2294,4340.93,7.06,643.5,14.38,1,Baixo
2295,4086.79,0.1,675.2,58.45,1,Alto
2296,8306.17,5.17,747.3,10.29,1,Baixo
2297,3335.88,0.45,629.2,48.39,0,Médio
2298,5300.78,5.75,455.4,32.17,0,Baixo
2299,6355.17,1.43,594.0,42.34,0,Alto
2300,8733.08,6.48,701.3,0,1,Baixo
2301,7368.18,7.36,467.6,55.17,0,Médio
2302,8068.16,0.88,464.2,32.72,0,Médio
2303,6085.14,8.44,474.6,32.28,0,Baixo
2304,5415.44,2.71,702.1,45.27,1,Médio
2305,10600.21,2.82,788.0,30.29,1,Baixo
2306,4117.11,10.09,668.7,61.05,0,Baixo
2307,3736.31,0.1,516.1,43.13,0,Alto
2308,4914.12,9.76,452.8,3.72,1,Baixo
2309,4817.82,3.91,597.0,0,0,Baixo
2310,4825.48,5.16,689.4,55.87,0,Alto
2311,4950.68,6.73,555.2,25.81,0,Baixo
2312,5531.23,4.71,833.7,41.33,0,Médio
2313,3971.09,2.04,583.3,49.81,0,Médio
2314,7601.36,8.76,767.1,0,0,Baixo
2315,8600.82,1.58,563.5,47.26,0,Médio
2316,9326.17,7.24,728.2,42.73,0,Alto
2317,8007.63,3.05,501.4,58.13,0,Médio
2318,8388.83,7.89,686.3,44.46,0,Médio
2319,2381.23,1.74,587.5,2.13,0,Baixo
2320,5768.8,0.99,532.1,0,0,Médio
2321,1561.81,1.74,658.4,35.53,0,Baixo
2322,8686.67,9.18,451.2,11.68,0,Baixo
2323,5739.89,1.99,870.4,32.34,1,Baixo
2324,6325.44,9.19,740.4,36.66,1,Baixo
2325,10259.8,5.45,629.8,93.59,0,Alto
2326,2697.47,5.92,645.9,60.9,0,Baixo
2327,8773.15,3.32,568.5,64.76,0,Alto
2328,5877.74,0.1,653.8,41.44,1,Médio
2329,7831.62,0.1,726.6,32.5,1,Alto
2330,4717.44,8.8,606.4,23.08,1,Baixo
2331,4875.09,1.46,526.5,32.36,0,Baixo
2332,4650.39,1.71,588.5,41.15,0,Médio
2333,13568.6,1.62,680.2,62.28,1,Alto
2334,4369.87,1.08,672.1,72.89,0,Alto
2335,8383.76,3.35,506.3,0.43,0,Baixo
2336,7106.6,5.47,572.1,68.39,0,Alto
2337,7215.83,0.87,632.6,34.58,0,Médio
2338,4695.59,2.05,451.1,68.98,1,Alto
2339,6169.34,2.39,559.2,24.13,0,Baixo
2340,8937.38,3.44,550.4,68.33,0,Médio
2341,11583.65,5.27,734.1,57.28,0,Médio
2342,7418.49,6.34,664.2,82.9,0,Alto
2343,6452.64,4.42,755.3,60.8,0,Alto
2344,6130.39,8.79,668.4,65.93,0,Médio
2345,5873.42,0.1,496.8,33.62,0,Médio
2346,3701.87,2.78,561.9,30.81,0,Baixo
2347,4324.04,4.44,669.9,32.76,0,Baixo
2348,6138.96,4.46,736.7,26.5,0,Médio
2349,7635.58,5.26,613.7,10.0,0,Baixo
2350,7075.34,2.51,595.4,60.64,1,Alto
2351,5612.59,3.72,625.3,27.56,0,Baixo
2352,8160.37,3.08,670.0,45.26,1,Médio
2353,4713.81,4.73,572.0,62.85,0,Alto
2354,2973.81,8.72,359.0,26.1,0,Médio
2355,8868.78,6.48,618.2,21.2,1,Médio
2356,8600.84,8.19,549.3,6.6,0,Baixo
2357,5484.06,6.84,628.2,43.32,0,Médio
2358,9485.57,4.74,676.3,4.22,1,Baixo
2359,3904.54,3.05,767.8,33.56,1,Médio
2360,11490.87,5.72,789.4,42.39,1,Baixo
2361,2622.47,3.94,582.9,23.7,0,Baixo
2362,1997.32,1.48,664.9,77.98,1,Alto
2363,7482.58,0.3,614.1,14.66,1,Baixo
2364,12205.03,11.28,476.8,28.82,0,Baixo
2365,4824.03,9.84,670.0,53.83,0,Baixo
2366,4488.98,0.1,796.8,29.78,1,Baixo
2367,6609.97,4.73,769.7,47.3,1,Médio
2368,4834.53,0.1,421.5,56.02,0,Alto
2369,8661.61,4.43,568.8,13.04,0,Baixo
2370,1589.26,0.1,612.6,28.42,0,Médio
2371,8744.19,10.02,678.0,36.83,0,Baixo
2372,4051.21,4.39,630.8,36.87,0,Médio
2373,3244.62,10.49,739.2,35.59,0,Baixo
2374,4281.36,4.39,600.0,26.18,1,Médio
2375,3461.85,4.19,552.9,50.29,0,Médio
2376,7312.17,7.84,717.4,65.88,1,Médio
2377,5920.35,5.25,538.0,61.06,0,Alto
2378,3270.67,4.42,583.5,46.6,0,Médio
2379,7784.27,6.67,721.6,45.15,1,Médio
2380,4720.57,0.1,448.9,71.84,0,Alto
2381,5175.03,0.19,691.1,45.02,1,Médio
2382,4714.46,6.93,519.2,56.21,0,Médio
2383,3732.92,8.68,609.2,31.14,0,Baixo
2384,4537.91,0.1,642.3,33.97,1,Médio
2385,6498.2,4.14,637.6,75.07,1,Alto
2386,7088.92,5.26,738.2,55.01,1,Baixo
2387,4171.56,8.64,681.6,30.53,0,Baixo
2388,6602.2,0.1,659.8,32.32,0,Médio
2389,11013.05,2.5,535.8,40.51,1,Médio
2390,4531.19,4.73,524.3,9.96,1,Baixo
2391,3689.37,1.62,669.9,25.53,0,Médio
2392,3143.33,1.75,656.1,29.88,0,Médio
2393,5609.14,4.49,731.0,59.22,1,Médio
2394,5656.59,7.27,536.0,27.89,0,Médio
2395,3806.77,3.55,473.8,45.63,0,Alto
2396,3334.38,4.71,595.7,18.06,0,Baixo
2397,5082.2,6.89,505.1,62.92,0,Médio
2398,7202.42,2.01,708.8,11.89,0,Baixo
2399,3068.63,4.61,623.1,9.85,0,Baixo
2400,7211.18,7.71,635.3,38.26,0,Baixo
2401,9296.86,4.14,658.1,100,1,Alto
2402,3029.98,4.52,520.9,71.99,0,Alto
2403,9239.11,3.68,566.2,100,1,Alto
2404,8535.14,1.3,513.1,9.07,0,Alto
2405,7761.65,4.69,532.5,20.35,0,Baixo
2406,4381.78,6.74,775.8,31.02,0,Médio
2407,6720.16,1.34,654.3,45.36,0,Alto
2408,6219.88,3.39,638.2,5.23,1,Baixo
2409,6085.02,3.87,749.4,29.91,0,Médio
2410,4527.74,5.45,505.5,33.54,0,Baixo
2411,6489.57,8.15,717.4,77.04,1,Médio
2412,6125.47,3.8,703.6,44.45,1,Médio
2413,5343.73,1.63,501.4,46.69,0,Médio
2414,12278.57,2.55,631.4,43.81,0,Médio
2415,5662.98,7.86,506.2,50.07,0,Médio
2416,4297.96,9.67,577.3,47.83,0,Baixo
2417,5431.56,0.54,620.7,52.28,1,Médio
2418,11760.64,7.05,526.8,25.08,0,Baixo
2419,5695.08,6.84,652.3,67.59,0,Alto
2420,11293.47,2.43,591.2,26.36,1,Médio
2421,4751.29,1.84,559.5,49.87,0,Baixo
2422,11362.07,7.6,572.7,28.4,0,Baixo
2423,2743.92,3.76,688.3,50.43,0,Baixo
2424,4967.63,0.1,597.6,68.74,0,Alto
2425,2854.46,0.1,629.8,21.18,0,Baixo
2426,7283.65,6.82,528.0,43.17,0,Baixo
2427,14143.71,5.29,666.6,90.19,0,Alto
2428,6929.95,6.38,734.5,30.93,1,Médio
2429,5225.54,6.48,652.0,26.56,0,Baixo
2430,4034.75,0.1,545.1,60.95,0,Médio
2431,7812.71,6.7,703.3,41.13,1,Baixo
2432,5696.83,4.93,616.0,22.54,0,Médio
2433,8130.68,2.66,703.7,56.2,0,Baixo
2434,4924.36,0.2,542.0,67.86,0,Alto
2435,4071.12,7.6,572.7,61.17,0,Médio
2436,11593.9,3.98,598.3,11.22,0,Baixo
2437,3559.09,8.41,598.7,64.92,0,Médio
2438,4045.16,7.21,685.2,29.67,1,Baixo
2439,4870.29,5.84,764.4,39.0,0,Médio
2440,5593.24,7.37,587.4,29.61,0,Baixo
2441,5947.09,1.84,591.5,55.76,0,Médio
2442,8475.09,4.14,754.7,65.11,1,Alto
2443,10340.62,5.2,722.9,52.65,1,Médio
2444,3691.2,5.1,524.7,65.48,0,Médio
2445,5945.62,2.15,561.0,13.75,1,Baixo
2446,5637.68,7.19,488.4,79.77,0,Alto
2447,7514.0,4.7,583.1,39.19,1,Médio
2448,7622.78,11.15,679.7,50.48,1,Baixo
2449,3746.14,4.77,568.1,58.55,0,Médio
2450,3202.12,3.12,649.6,58.01,0,Médio
2451,2484.06,7.54,436.6,18.24,0,Baixo
2452,11209.63,2.42,619.1,56.91,1,Alto
2453,7888.89,1.83,851.0,61.98,1,Alto
2454,5454.44,9.83,647.6,59.96,1,Baixo
2455,7257.97,6.47,653.9,69.65,1,Médio
2456,6145.59,4.19,548.7,60.54,1,Alto
2457,7066.58,1.29,696.2,51.09,0,Médio
2458,10267.63,1.45,719.2,55.66,1,Médio
2459,6124.79,3.79,700.9,52.18,0,Alto
2460,4497.0,2.93,729.1,49.46,0,Alto
2461,4028.66,0.52,766.5,29.76,0,Médio
2462,12273.68,8.24,742.3,59.84,1,Alto
2463,6575.97,4.65,586.8,25.29,1,Alto
2464,4911.42,1.22,653.2,35.86,0,Médio
2465,6111.02,8.19,638.4,60.06,1,Baixo
2466,8058.26,6.68,512.2,39.5,0,Baixo
2467,4456.42,3.82,439.0,32.83,0,Médio
2468,5050.79,0.1,542.2,85.65,0,Alto
2469,11772.89,7.21,756.4,20.22,0,Baixo
2470,4186.12,6.99,693.0,46.81,1,Médio
2471,6316.18,6.86,594.1,25.0,1,Baixo
2472,5573.4,5.28,684.5,59.36,1,Baixo
2473,5417.65,3.15,475.7,31.51,0,Médio
2474,6094.76,11.19,619.8,40.35,0,Baixo
2475,8720.91,4.58,732.9,43.52,1,Médio
2476,8694.76,7.34,503.3,100,0,Alto
2477,3444.07,5.83,674.2,5.94,0,Médio
2478,4305.58,8.18,664.7,82.96,0,Alto
2479,6656.41,5.02,559.6,79.32,0,Médio
2480,4809.0,7.58,607.9,91.29,0,Alto
2481,7174.3,0.35,630.1,38.27,0,Médio
2482,8397.6,2.83,595.2,55.54,0,Médio
2483,5457.06,4.7,630.3,67.71,0,Alto
2484,4322.09,3.33,474.4,26.48,0,Baixo
2485,4504.72,5.85,685.4,41.66,0,Baixo
2486,13391.68,4.9,725.7,69.62,1,Médio
2487,4850.68,2.52,443.4,60.86,0,Alto
2488,4480.9,0.1,677.3,68.77,0,Alto
2489,5443.49,3.97,723.7,42.6,1,Médio
2490,6256.59,0.1,756.2,60.57,1,Médio
2491,5419.79,4.19,581.9,68.19,0,Alto
2492,2627.98,6.56,634.1,18.69,0,Alto
2493,7984.36,4.01,515.8,71.44,0,Médio
2494,12208.25,11.05,597.6,43.14,1,Baixo
2495,7463.0,8.46,634.5,22.56,1,Baixo
2496,3247.93,2.09,595.1,34.72,0,Médio
2497,16681.98,4.86,603.6,60.83,1,Médio
2498,13617.6,1.18,682.9,39.15,1,Alto
2499,6098.31,4.25,674.6,37.07,0,Médio
2500,3140.7,3.7,577.0,87.76,0,Alto
2501,2730.19,5.3,657.4,62.51,0,Médio
2502,4300.32,2.53,721.1,99.97,0,Alto
2503,9593.53,7.95,811.4,59.92,1,Alto
2504,2749.97,4.48,612.5,29.3,1,Médio
2505,5343.34,3.94,558.7,46.82,0,Médio
2506,10438.82,0.1,676.6,38.9,0,Médio
2507,4273.81,4.8,551.8,69.68,0,Médio
2508,15628.45,9.41,604.3,10.36,1,Baixo
2509,2529.78,2.65,497.4,5.96,0,Baixo
2510,5869.92,3.18,686.4,36.79,0,Médio
2511,7065.28,8.46,581.4,41.97,0,Baixo
2512,8098.57,2.01,525.3,69.07,0,Alto
2513,9359.09,0.1,662.2,74.84,0,Alto
2514,1954.79,2.81,745.5,52.08,0,Médio
2515,2901.35,6.4,628.2,27.3,0,Baixo
2516,7341.8,0.1,721.4,46.73,1,Médio
2517,5952.42,8.64,490.5,21.0,0,Baixo
2518,6162.76,0.1,684.7,64.73,1,Alto
2519,4144.35,6.79,613.9,20.83,0,Baixo
2520,5342.4,3.42,572.5,27.03,0,Médio
2521,9365.5,5.86,755.9,51.47,1,Médio
2522,2339.03,5.73,595.4,70.46,0,Alto
2523,6400.3,8.53,627.8,13.16,0,Baixo
2524,10852.62,3.06,643.4,0,0,Baixo
2525,17474.46,3.98,606.3,48.2,1,Alto
2526,3927.74,1.95,621.3,4.61,0,Baixo
2527,4157.75,3.46,610.1,51.1,0,Médio
2528,3566.86,5.04,742.6,22.67,0,Baixo
2529,4596.54,10.2,667.3,14.48,0,Baixo
2530,6860.77,5.34,584.2,29.2,1,Médio
2531,4760.43,2.85,586.7,76.06,0,Alto
2532,3553.38,4.47,571.0,73.5,0,Médio
2533,5520.07,4.09,495.0,19.96,0,Baixo
2534,7188.1,12.39,536.4,0,0,Baixo
2535,6713.81,5.28,577.2,29.56,0,Baixo
2536,9916.12,0.1,619.0,45.51,1,Médio
2537,4695.01,0.1,672.2,62.81,1,Alto
2538,6468.44,5.94,484.6,67.42,0,Alto
2539,9239.61,1.0,565.9,65.43,0,Alto
2540,6597.9,4.7,713.9,80.7,1,Médio
2541,5519.03,7.2,679.2,61.73,1,Alto
2542,11579.77,7.44,532.9,42.17,0,Médio
2543,11677.86,0.29,448.8,74.44,0,Médio
2544,6273.5,4.59,546.2,23.46,1,Baixo
2545,14575.95,6.39,591.9,53.56,0,Médio
2546,4425.98,2.8,589.9,76.68,0,Alto
2547,9220.65,1.56,578.4,0,0,Baixo
2548,5298.38,5.29,557.1,54.9,0,Médio
2549,5569.58,3.28,610.4,8.28,0,Baixo
2550,3265.17,7.85,473.8,23.33,0,Médio
2551,5706.47,0.78,670.1,32.42,0,Alto
2552,6588.64,4.64,543.9,28.39,0,Médio
2553,6889.42,1.85,672.5,70.6,1,Médio
2554,11147.82,2.44,542.3,48.5,0,Médio
2555,7081.81,7.3,396.4,76.95,0,Médio
2556,6144.83,6.66,801.1,28.77,0,Baixo
2557,5326.81,0.78,621.6,42.31,1,Médio
2558,4361.78,3.85,647.5,58.39,1,Médio
2559,6282.9,0.1,505.1,34.94,0,Médio
2560,4616.79,4.66,749.0,63.34,0,Alto
2561,4952.91,7.54,743.3,44.39,1,Médio
2562,13910.97,6.95,595.0,78.57,1,Médio
2563,2975.74,5.16,560.2,58.56,0,Alto
2564,3232.41,1.97,797.1,28.86,1,Médio
2565,6379.01,1.29,857.5,31.36,1,Médio
2566,5698.77,7.32,702.3,38.02,0,Baixo
2567,8053.95,2.52,766.3,58.43,1,Médio
2568,4485.54,3.83,639.1,80.64,1,Alto
2569,5169.2,6.11,633.7,20.34,0,Baixo
2570,5845.0,6.76,549.0,7.62,0,Baixo
2571,4349.59,4.03,599.0,63.85,0,Médio
2572,7759.0,8.97,698.6,35.29,0,Baixo
2573,9169.41,0.86,546.4,5.21,0,Baixo
2574,5430.1,7.07,678.3,24.32,0,Baixo
2575,6994.64,4.22,501.4,27.79,0,Baixo
2576,1500,4.25,792.8,43.99,1,Médio
2577,6421.44,6.45,588.1,52.55,0,Médio
2578,4644.4,3.02,533.7,93.51,0,Alto
2579,8449.92,5.11,620.7,26.46,0,Baixo
2580,7331.71,4.7,805.7,42.96,1,Médio
2581,6122.54,0.94,594.8,54.31,0,Baixo
2582,2976.08,3.27,410.1,0,0,Médio
2583,3653.42,3.11,675.2,51.98,0,Alto
2584,6337.85,2.11,539.0,42.53,1,Baixo
2585,5365.67,3.21,605.6,45.19,0,Médio
2586,3476.83,7.65,573.7,62.36,0,Alto
2587,3036.78,0.1,620.4,58.25,0,Médio
2588,5640.15,7.71,530.3,48.12,0,Baixo
2589,3773.64,2.56,586.0,55.97,0,Alto
2590,3273.83,9.58,792.9,48.28,0,Baixo
2591,3869.12,7.19,603.2,50.95,0,Médio
2592,6193.74,9.04,649.0,24.4,0,Médio
2593,6373.71,8.14,607.2,0,0,Baixo
2594,5511.73,5.05,646.1,58.11,0,Médio
2595,7151.7,1.76,483.5,12.92,0,Baixo
2596,4048.76,4.53,822.7,77.29,0,Baixo
2597,11216.29,2.45,715.5,28.17,0,Médio
2598,4268.8,2.79,341.7,44.61,0,Alto
2599,5461.0,2.56,621.4,52.77,0,Médio
2600,8865.96,1.54,567.7,65.55,0,Alto
2601,3627.83,0.87,507.7,41.26,0,Médio
2602,4041.88,2.63,611.9,43.63,0,Médio
2603,6926.92,7.9,637.3,52.05,0,Baixo
2604,3645.47,4.02,731.5,31.82,1,Médio
2605,4573.78,10.9,580.8,45.96,0,Baixo
2606,3891.28,0.1,634.4,71.94,0,Alto
2607,5000.71,12.44,616.7,26.6,1,Baixo
2608,6656.8,7.29,717.6,64.05,0,Médio
2609,4077.82,3.53,621.9,48.55,0,Alto
2610,5704.03,4.14,638.6,58.89,0,Médio
2611,9364.63,3.51,516.6,8.5,1,Baixo
2612,3263.12,0.1,535.6,41.55,1,Médio
2613,4232.6,7.23,799.3,37.09,1,Médio
2614,6142.51,5.23,550.8,14.87,1,Baixo
2615,11497.13,8.18,605.7,51.1,0,Médio
2616,5746.64,5.04,487.0,37.54,0,Baixo
2617,9011.84,6.2,833.0,36.47,1,Baixo
2618,6693.27,1.99,700.9,24.25,0,Baixo
2619,10992.39,4.4,535.7,15.63,0,Baixo
2620,7011.0,3.03,770.1,46.11,0,Médio
2621,12496.88,8.02,543.0,19.95,0,Baixo
2622,9410.54,2.77,619.3,46.76,0,Alto
2623,7173.23,5.33,660.6,65.66,0,Médio
2624,9425.73,5.1,736.8,17.77,0,Baixo
2625,7376.21,1.05,609.5,58.45,0,Alto
2626,7033.88,1.96,575.9,43.3,0,Médio
2627,11587.55,5.48,588.1,20.38,1,Médio
2628,4960.48,3.82,650.5,46.86,0,Médio
2629,4150.12,0.85,712.4,23.32,1,Médio
2630,8724.23,0.1,667.8,57.76,1,Alto
2631,6738.47,5.42,494.1,60.83,0,Alto
2632,7546.65,1.55,633.0,26.66,0,Médio
2633,2611.16,6.16,664.7,4.36,0,Baixo
2634,3741.38,1.99,576.0,63.29,1,Alto
2635,3530.21,5.84,735.7,52.65,0,Alto
2636,8735.25,11.28,606.9,80.69,0,Médio
2637,7555.04,4.87,652.3,40.66,1,Médio
2638,3721.48,4.66,540.2,66.07,0,Alto
2639,5255.98,6.68,607.6,4.3,0,Baixo
2640,8421.06,6.45,900,48.21,1,Baixo
2641,5812.01,2.77,714.1,39.42,1,Alto
2642,10507.61,8.52,807.5,35.44,1,Médio
2643,6641.42,5.86,626.2,18.65,1,Baixo
2644,5561.66,6.08,572.8,35.82,0,Médio
2645,7121.87,1.26,581.6,60.54,0,Alto
2646,6384.3,4.04,531.1,57.66,0,Baixo
2647,3930.53,6.73,663.6,43.99,0,Baixo
2648,5627.57,5.83,636.7,7.76,0,Baixo
2649,6276.32,1.2,588.4,55.74,0,Alto
2650,4771.95,2.16,742.5,41.91,0,Médio
2651,2940.74,6.34,623.5,16.69,0,Baixo
2652,5177.93,2.12,735.0,44.33,0,Alto
2653,2654.5,0.1,411.6,34.44,0,Médio
2654,6382.53,6.66,761.5,41.12,1,Baixo
2655,4590.67,6.88,643.7,31.01,0,Baixo
2656,11079.99,0.1,501.7,73.51,1,Alto
2657,3750.56,4.46,482.0,43.82,0,Médio
2658,2311.56,8.04,638.2,31.91,0,Baixo
2659,3679.7,7.2,646.4,38.43,0,Médio
2660,4037.76,4.9,706.7,25.93,1,Baixo
2661,8660.4,1.18,635.1,41.32,0,Médio
2662,10974.13,5.26,776.4,64.15,1,Médio
2663,12959.23,4.82,530.4,28.86,1,Médio
2664,8078.7,2.24,712.4,30.17,0,Médio
2665,7283.5,5.74,629.5,34.52,0,Médio
2666,3916.15,3.12,599.0,68.45,0,Médio
2667,7959.81,1.85,660.1,53.44,1,Médio
2668,3637.76,7.51,593.4,55.92,1,Médio
2669,3208.23,4.34,630.9,60.85,0,Médio
2670,2635.78,5.93,698.4,56.74,0,Médio
2671,6467.25,3.73,555.0,30.47,0,Baixo
2672,5872.2,3.22,545.4,51.54,0,Médio
2673,2907.06,5.46,489.4,30.49,0,Médio
2674,4931.74,6.82,455.0,43.94,0,Baixo
2675,4467.36,3.71,532.0,37.0,0,Médio
2676,4305.31,3.55,491.2,54.91,1,Baixo
2677,8721.96,3.12,493.9,13.53,0,Baixo
2678,4691.2,1.53,529.8,39.77,0,Médio
2679,7928.21,4.6,584.2,64.02,0,Médio
2680,7195.66,8.29,357.6,7.04,0,Baixo
2681,3488.06,3.58,488.9,84.99,0,Alto
2682,14157.79,10.37,809.8,42.37,1,Baixo
2683,5085.76,3.87,517.8,9.49,0,Baixo
2684,6612.93,0.4,723.1,17.95,0,Médio
2685,3781.51,0.1,544.0,67.52,1,Alto
2686,2783.77,0.1,548.6,15.65,0,Baixo
2687,5477.76,0.1,612.0,67.85,0,Médio
2688,5950.03,3.02,567.1,71.91,0,Médio
2689,3255.24,9.25,410.4,33.96,0,Baixo
2690,10496.52,0.1,602.1,50.58,0,Médio
2691,5808.82,5.73,654.6,71.88,1,Médio
2692,7130.96,4.52,530.7,40.1,0,Baixo
2693,4003.31,2.29,430.5,19.19,0,Baixo
2694,4102.52,6.27,591.4,31.3,0,Baixo
2695,8353.82,4.82,704.4,33.69,1,Baixo
2696,6024.81,0.1,529.9,36.96,0,Médio
2697,4463.82,3.33,601.2,28.85,0,Baixo
2698,9171.81,3.44,626.9,13.23,0,Baixo
2699,3771.15,5.98,642.1,39.1,1,Médio
2700,2695.2,3.36,778.5,89.78,1,Alto
2701,9881.53,2.5,699.1,57.5,1,Alto
2702,10009.69,0.89,576.7,64.84,0,Alto
2703,5764.11,0.1,641.6,20.44,1,Baixo
2704,12790.24,0.1,448.5,11.6,0,Baixo
2705,2556.42,5.18,698.8,13.81,1,Baixo
2706,11239.46,2.37,726.2,7.08,0,Baixo
2707,5099.5,0.64,715.6,60.71,1,Alto
2708,4272.52,6.24,801.7,19.42,1,Médio
2709,22857.2,8.49,659.7,46.57,1,Baixo
2710,8792.91,3.15,546.4,26.12,1,Baixo
2711,9234.18,6.22,752.8,25.95,0,Baixo
2712,11538.46,2.4,498.6,56.29,0,Médio
2713,10659.59,7.32,772.9,65.55,1,Médio
2714,4971.59,3.15,637.9,55.38,1,Médio
2715,3105.02,5.92,585.2,25.87,0,Baixo
2716,5169.74,4.34,726.2,57.35,0,Alto
2717,4274.2,7.16,678.8,77.6,0,Baixo
2718,18210.12,6.2,647.6,49.55,1,Alto
2719,8876.55,5.49,685.9,44.25,1,Alto
2720,5886.05,2.98,627.6,83.26,1,Médio
2721,4246.8,6.31,454.4,39.67,0,Médio
2722,6971.41,0.8,486.9,7.85,0,Médio
2723,10397.21,5.11,640.2,36.91,1,Médio
2724,5388.61,0.19,553.7,7.66,0,Baixo
2725,10499.8,5.71,699.9,62.72,0,Alto
2726,4996.9,6.43,623.2,10.23,0,Baixo
2727,9566.76,5.64,706.7,56.74,1,Alto
2728,1591.87,4.8,630.0,29.23,0,Baixo
2729,6468.12,6.32,650.1,45.12,0,Baixo
2730,5908.02,3.38,421.4,27.26,0,Baixo
2731,8960.43,0.1,615.7,12.64,1,Baixo
2732,10482.87,2.92,615.1,27.28,1,Médio
2733,5203.79,3.34,740.7,53.73,1,Alto
2734,4142.3,7.02,790.5,39.34,1,Baixo
2735,4366.63,2.67,445.3,50.66,0,Médio
2736,7526.34,0.5,644.8,51.93,1,Alto
2737,2662.22,2.1,480.8,56.52,0,Alto
2738,4699.96,9.02,445.0,45.5,0,Baixo
2739,3273.53,5.09,455.2,30.14,0,Baixo
2740,7520.36,3.72,763.7,34.61,1,Médio
2741,2899.9,5.63,614.1,28.52,0,Baixo
2742,4929.5,1.9,760.1,47.19,1,Médio
2743,5057.42,7.42,644.2,72.37,0,Médio
2744,4965.04,3.38,616.3,16.38,0,Baixo
2745,3924.37,3.9,573.0,63.44,0,Alto
2746,6955.51,1.33,767.0,22.24,1,Baixo
2747,5828.46,5.58,494.3,95.56,0,Alto
2748,3437.99,6.69,548.8,34.98,0,Médio
2749,8319.25,7.58,699.1,34.82,0,Baixo
2750,8515.35,3.59,537.1,46.88,0,Médio
2751,9378.92,11.23,662.0,58.91,0,Baixo
2752,5204.11,2.02,736.3,6.66,1,Baixo
2753,5469.69,6.41,753.2,26.03,1,Médio
2754,7722.92,6.86,584.3,20.32,0,Médio
2755,8439.42,7.52,728.3,49.11,0,Médio
2756,4716.25,5.19,545.8,63.98,0,Alto
2757,4650.02,0.63,632.0,44.21,0,Baixo
2758,3973.56,0.1,573.9,47.04,0,Médio
2759,5826.81,3.91,697.3,46.19,1,Alto
2760,13965.71,6.33,613.1,85.14,0,Médio
2761,5378.1,4.06,399.2,29.67,0,Baixo
2762,3473.57,8.34,690.5,42.69,0,Baixo
2763,7830.7,3.62,648.9,48.07,1,Médio
2764,5856.85,9.63,715.2,0,1,Baixo
2765,3586.77,9.1,738.2,70.56,1,Baixo
2766,8458.26,0.1,646.0,51.3,0,Alto
2767,5272.28,4.33,671.1,46.74,0,Médio
2768,3465.36,0.62,493.7,62.77,0,Alto
2769,5501.91,2.56,549.4,27.95,0,Baixo
2770,3534.9,4.09,472.0,22.29,0,Médio
2771,3546.92,0.74,805.9,38.28,1,Médio
2772,8710.54,0.1,662.2,5.28,1,Baixo
2773,6430.11,3.78,607.0,9.22,1,Baixo
2774,6253.67,0.1,614.5,20.7,0,Médio
2775,9880.14,7.59,516.5,23.81,1,Baixo
2776,8693.94,4.79,652.5,67.27,1,Alto
2777,2827.42,4.49,643.9,24.61,1,Baixo
2778,11312.89,6.72,638.5,65.77,0,Médio
2779,7416.43,0.1,575.1,67.58,0,Médio
2780,12537.92,6.98,607.0,25.31,0,Médio
2781,2398.08,3.93,510.6,68.38,0,Alto
2782,9536.3,5.93,685.1,47.26,1,Médio
2783,9344.56,9.15,646.7,62.6,0,Médio
2784,2183.98,6.47,676.8,66.31,0,Alto
2785,3142.16,1.29,672.5,42.86,1,Alto
2786,5302.07,0.1,688.6,62.6,0,Alto
2787,5001.44,4.55,584.5,55.72,1,Alto
2788,2287.51,3.38,806.4,64.75,1,Alto
2789,3250.55,10.23,652.8,52.15,0,Baixo
2790,3480.08,0.1,700.9,94.83,1,Alto
2791,9367.8,8.87,618.1,61.27,0,Médio
2792,5247.23,4.5,665.3,41.13,0,Médio
2793,4757.47,6.77,636.3,62.45,0,Baixo
2794,3602.11,0.1,676.5,47.46,1,Baixo
2795,22653.02,4.02,623.2,79.38,1,Alto
2796,7619.72,6.05,636.5,25.89,0,Baixo
2797,5009.92,6.13,530.3,62.82,0,Médio
2798,6219.47,7.55,625.5,33.25,0,Baixo
2799,4400.76,9.65,740.1,44.02,1,Baixo
2800,10320.17,3.64,720.6,40.35,0,Alto
2801,12564.4,0.29,663.6,54.01,1,Médio
2802,3392.5,0.1,630.9,73.83,0,Alto
2803,9679.01,8.56,719.1,24.7,1,Baixo
2804,3072.86,3.45,591.1,69.35,1,Alto
2805,7644.93,0.1,770.7,100,1,Alto
2806,7916.56,1.02,672.0,55.64,0,Alto
2807,8145.38,3.94,596.0,50.27,0,Médio
2808,6877.97,3.59,519.2,42.71,0,Médio
2809,2901.74,5.42,627.7,0,1,Baixo
2810,3945.37,3.92,602.1,12.93,1,Baixo
2811,12011.52,1.71,696.2,38.07,0,Médio
2812,7690.2,0.1,540.9,63.4,0,Médio
2813,3586.49,7.83,530.0,44.85,0,Médio
2814,4484.73,6.88,742.9,14.5,0,Baixo
2815,5068.39,6.52,864.1,43.66,1,Médio
2816,5880.27,1.22,655.0,29.72,0,Médio
2817,6564.32,5.76,641.9,30.82,0,Baixo
2818,14344.02,0.1,478.5,73.95,0,Alto
2819,4274.9,2.13,577.8,81.75,0,Alto
2820,6935.43,1.79,726.7,44.39,1,Médio
2821,7734.57,1.14,540.3,7.5,0,Médio
2822,3731.7,5.63,681.9,41.33,0,Baixo
2823,8311.71,7.43,437.2,53.33,0,Médio
2824,6162.16,7.5,672.5,58.53,1,Médio
2825,4230.91,6.61,601.2,66.68,0,Médio
2826,3921.3,6.48,584.7,32.62,0,Baixo
2827,4189.9,2.78,608.9,65.46,1,Alto
2828,7392.61,3.73,762.1,5.59,0,Baixo
2829,8156.65,7.04,708.1,37.91,0,Médio
2830,11100.79,2.09,776.0,58.81,0,Médio
2831,11426.68,5.85,649.5,51.4,0,Médio
2832,8066.64,1.43,630.5,50.41,1,Alto
2833,4733.01,3.27,769.8,30.56,1,Baixo
2834,14012.67,9.07,543.5,41.96,1,Baixo
2835,7657.26,4.93,649.0,0,0,Baixo
2836,7142.14,4.78,719.8,60.96,0,Alto
2837,5683.44,1.51,625.9,43.99,1,Médio
2838,3392.0,7.28,790.4,72.66,0,Alto
2839,7455.92,4.14,725.3,56.42,1,Alto
2840,7668.48,6.87,520.9,54.64,0,Médio
2841,9487.17,5.94,812.7,6.9,1,Baixo
2842,3690.1,4.98,520.3,28.34,0,Baixo
2843,7674.88,6.42,597.6,63.37,0,Baixo
2844,4765.24,5.73,467.3,72.83,0,Alto
2845,5600.19,7.44,736.2,79.24,0,Alto
2846,6004.45,0.62,591.4,46.62,0,Médio
2847,2287.7,4.61,635.8,4.87,0,Baixo
2848,9087.08,8.84,553.0,61.59,0,Baixo
2849,11459.54,5.44,767.2,53.76,0,Alto
2850,3724.13,2.52,566.1,52.83,1,Médio
2851,6079.65,3.19,325.8,18.84,0,Baixo
2852,4590.86,3.13,617.9,32.31,0,Baixo
2853,4537.91,8.44,553.5,52.77,0,Baixo
2854,5602.1,4.84,693.1,84.06,0,Alto
2855,3867.13,1.15,864.6,49.65,1,Alto
2856,10013.92,4.18,599.7,43.24,0,Baixo
2857,6480.56,7.23,900,37.93,1,Baixo
2858,5234.26,3.95,526.6,36.12,0,Médio
2859,2619.91,1.31,740.7,25.45,1,Baixo
2860,8417.45,2.05,671.3,92.16,0,Alto
2861,9238.64,0.1,582.2,39.05,1,Médio
2862,14102.56,8.97,717.6,41.88,0,Baixo
2863,9632.58,0.46,618.4,46.77,0,Alto
2864,11883.44,3.2,497.7,6.02,0,Baixo
2865,7169.47,9.61,411.3,49.46,0,Baixo
2866,5665.16,7.41,665.9,15.16,0,Baixo
2867,9318.89,8.53,697.0,72.82,1,Baixo
2868,3174.21,2.49,576.5,56.6,0,Alto
2869,6277.42,2.47,625.7,66.28,1,Médio
2870,8569.37,7.2,565.5,24.24,0,Baixo
2871,2896.18,9.82,617.7,65.38,0,Médio
2872,6190.44,0.1,657.0,88.09,1,Alto
2873,5673.72,0.12,648.9,71.98,0,Alto
2874,9442.25,3.08,432.7,39.61,0,Baixo
2875,4642.86,4.24,606.9,23.98,0,Médio
2876,4022.15,4.0,552.8,58.83,0,Médio
2877,5079.02,0.1,582.5,55.06,1,Médio
2878,5200.56,6.24,468.9,36.71,0,Médio
2879,8479.66,4.56,636.8,59.45,1,Alto
2880,3591.71,3.73,579.5,56.18,1,Médio
2881,4471.12,2.59,619.4,32.04,1,Médio
2882,9040.44,8.01,572.5,0,0,Baixo
2883,3687.57,8.25,625.4,51.88,0,Médio
2884,2320.27,0.51,662.0,38.63,1,Médio
2885,4099.94,11.04,658.3,27.81,1,Baixo
2886,13761.75,5.95,483.1,52.95,0,Médio
2887,5482.88,3.45,572.6,82.53,0,Alto
2888,3904.86,5.22,734.6,42.1,1,Médio
2889,4844.46,5.42,527.6,1.01,0,Baixo
2890,7716.0,4.96,542.7,50.83,0,Baixo
2891,4282.78,9.49,623.9,35.65,0,Baixo
2892,2955.87,2.14,543.5,68.34,0,Alto
2893,6014.33,2.6,635.0,3.07,0,Baixo
2894,8280.75,1.67,479.3,44.38,0,Médio
2895,3581.4,2.5,584.6,41.27,0,Médio
2896,5752.53,6.93,725.8,40.52,1,Baixo
2897,5429.14,6.47,541.7,50.97,1,Médio
2898,4589.36,6.26,702.2,24.4,1,Baixo
2899,7798.23,8.39,544.4,38.92,0,Baixo
2900,4148.31,5.01,542.3,47.5,0,Médio
2901,4903.64,6.86,677.8,50.64,0,Médio
2902,5400.47,2.96,527.8,30.25,0,Médio
2903,6268.88,4.88,497.1,57.0,1,Médio
2904,8054.43,13.52,585.6,89.91,1,Alto
2905,4124.57,4.92,655.7,43.44,0,Médio
2906,9030.55,8.14,651.8,57.99,1,Médio
2907,9371.69,5.06,634.5,55.72,0,Baixo
2908,13257.21,0.38,611.9,39.26,0,Médio
2909,5101.21,5.82,617.8,91.41,0,Alto
2910,6773.96,10.83,676.4,69.73,0,Baixo
2911,5719.45,1.31,708.1,7.79,0,Baixo
2912,8121.59,4.95,513.9,64.74,0,Baixo
2913,2531.59,7.4,490.0,37.36,0,Médio
2914,8948.8,7.13,652.9,58.95,0,Médio
2915,9135.28,1.2,662.7,43.1,1,Baixo
2916,1985.99,3.18,386.1,19.59,0,Baixo
2917,7854.21,7.78,597.5,75.36,1,Médio
2918,4608.72,4.2,571.9,26.61,1,Médio
2919,5069.07,0.1,617.1,32.4,0,Médio
2920,2871.07,6.86,603.2,22.47,0,Médio
2921,2163.31,5.4,535.6,56.2,0,Médio
2922,5543.34,0.81,594.9,37.97,0,Médio
2923,13779.96,0.1,558.4,64.58,1,Alto
2924,6322.98,11.0,682.9,50.79,0,Baixo
2925,6368.82,5.73,658.3,27.23,0,Baixo
2926,5280.92,8.72,661.2,60.26,1,Médio
2927,3787.23,4.56,694.3,38.05,0,Médio
2928,4477.59,6.08,687.4,16.76,1,Baixo
2929,9721.46,6.65,616.9,63.74,0,Médio
2930,4371.81,8.35,492.9,58.87,0,Médio
2931,4259.85,3.69,469.6,0.45,0,Baixo
2932,5128.94,11.15,595.7,39.87,1,Baixo
2933,3946.32,9.78,751.5,64.66,1,Médio
2934,4373.55,5.85,508.1,7.97,0,Baixo
2935,3324.87,6.24,625.7,46.05,0,Baixo
2936,9560.26,4.47,741.5,87.64,1,Alto
2937,2371.56,6.65,512.6,45.06,0,Baixo
2938,6045.37,4.77,575.1,47.53,0,Médio
2939,11450.98,2.93,389.1,35.73,0,Médio
2940,6597.48,3.66,676.4,15.59,1,Baixo
2941,5200.06,8.13,781.4,61.32,1,Médio
2942,5736.75,0.93,558.2,10.44,0,Baixo
2943,8428.47,7.35,726.6,41.32,1,Baixo
2944,5744.89,1.87,672.7,22.35,1,Baixo
2945,3245.43,3.07,594.1,41.27,0,Médio
2946,10747.4,7.14,588.2,32.23,1,Médio
2947,3585.5,0.72,605.1,24.15,1,Médio
2948,6702.84,3.32,611.0,51.19,1,Médio
2949,9230.84,3.97,575.4,57.88,0,Alto
2950,6082.99,9.63,592.2,39.88,0,Baixo
2951,11904.75,4.9,425.7,20.5,0,Médio
2952,3440.37,0.1,634.0,65.07,0,Alto
2953,4112.9,3.31,605.1,44.96,0,Baixo
2954,5932.65,1.87,721.0,63.83,0,Médio
2955,6349.19,4.97,713.1,34.01,1,Médio
2956,5668.13,5.35,613.3,31.83,1,Médio
2957,7383.52,4.38,513.2,81.51,0,Alto
2958,7972.5,9.14,592.2,30.49,1,Baixo
2959,13928.0,3.96,536.6,33.59,1,Médio
2960,7180.04,0.39,721.6,33.95,1,Médio
2961,5350.04,0.1,437.7,40.48,0,Médio
2962,8647.27,1.07,591.1,13.03,1,Baixo
2963,9284.12,6.17,659.8,36.13,1,Baixo
2964,6677.23,7.57,677.5,8.88,0,Baixo
2965,11887.0,3.24,688.1,56.15,0,Médio
2966,6367.48,0.38,794.3,19.14,1,Baixo
2967,2936.36,2.0,668.3,27.61,0,Baixo
2968,12851.5,0.1,537.4,16.24,0,Médio
2969,2631.07,6.82,792.7,59.22,1,Médio
2970,3856.74,6.23,668.6,28.26,0,Baixo
2971,3641.21,2.65,698.9,31.7,0,Alto
2972,13555.06,0.1,607.6,47.58,1,Médio
2973,6444.92,4.61,644.9,18.29,0,Médio
2974,6545.97,9.81,672.2,40.52,1,Baixo
2975,6946.71,5.08,508.9,66.27,0,Médio
2976,7204.88,2.14,682.1,5.49,1,Médio
2977,4424.5,0.48,715.6,98.17,0,Alto
2978,3328.41,3.29,623.6,18.45,1,Baixo
2979,3610.53,6.27,674.5,18.79,1,Baixo
2980,5007.73,4.67,553.1,80.49,1,Alto
2981,10912.33,0.1,593.2,43.86,0,Médio
2982,8194.62,4.56,604.0,40.73,1,Baixo
2983,3915.32,10.76,772.2,38.28,1,Baixo
2984,6974.77,1.58,571.5,59.8,1,Médio
2985,6849.83,4.19,493.5,42.89,0,Médio
2986,11024.04,5.58,682.9,22.52,1,Médio
2987,6522.25,3.41,757.5,42.37,1,Médio
2988,8117.3,0.64,608.2,45.93,0,Médio
2989,5113.74,3.46,679.9,49.71,0,Médio
2990,5927.04,5.83,785.4,42.0,1,Baixo
2991,10478.21,3.73,629.4,8.25,1,Baixo
2992,5802.55,6.04,573.6,31.43,0,Baixo
2993,4011.9,1.56,574.7,77.25,1,Alto
2994,2623.0,6.1,672.2,20.74,0,Baixo
2995,8167.01,4.61,575.8,72.34,0,Alto
2996,4519.1,3.55,757.3,43.64,0,Médio
2997,2519.75,10.83,611.1,48.91,0,Baixo
2998,8800.72,4.31,694.7,32.42,0,Médio
2999,8481.31,4.92,516.6,34.81,0,Baixo
3000,3566.38,3.0,648.6,31.77,0,Baixo
3001,3183.94,1.9,475.8,37.73,0,Médio
3002,5449.08,3.87,621.9,11.1,0,Baixo
3003,3363.93,3.45,780.3,41.83,0,Médio
3004,8406.17,0.1,627.3,73.92,0,Médio
3005,6223.99,0.68,591.8,59.37,0,Médio
3006,11465.63,6.37,563.9,51.01,1,Médio
3007,10347.76,9.35,725.1,10.21,1,Baixo
3008,3465.82,1.45,688.8,34.49,1,Médio
3009,11203.81,5.52,740.8,61.36,1,Alto
3010,4537.98,7.98,563.4,54.95,1,Alto
3011,4639.98,6.64,567.9,84.16,0,Alto
3012,6980.9,2.55,645.2,44.9,0,Médio
3013,12891.08,2.68,683.1,77.92,1,Alto
3014,9610.89,0.99,623.9,34.72,1,Médio
3015,12507.76,5.01,561.6,43.13,0,Baixo
3016,11808.74,9.19,747.3,26.03,1,Baixo
3017,5918.15,2.97,717.1,83.65,1,Alto
3018,6537.69,0.1,611.4,2.41,1,Baixo
3019,6932.13,6.8,742.0,65.02,0,Médio
3020,9192.32,5.33,711.6,56.76,0,Médio
3021,6301.21,4.6,495.1,67.58,1,Médio
3022,6307.67,6.96,597.9,34.12,0,Médio
3023,5535.68,7.24,643.9,78.66,0,Médio
3024,4591.65,3.13,774.3,36.83,1,Baixo
3025,6040.63,11.26,681.4,100,0,Alto
3026,2223.42,8.81,627.3,9.06,1,Baixo
3027,6814.71,6.55,508.5,63.47,1,Alto
3028,7233.96,9.22,701.4,48.32,0,Baixo
3029,4644.55,2.41,589.7,51.63,1,Médio
3030,4655.32,4.63,543.5,44.54,0,Médio
3031,4557.26,4.27,626.6,59.55,0,Médio
3032,6624.84,2.1,660.2,69.85,1,Alto
3033,6581.87,3.04,737.6,46.63,1,Médio
3034,7765.93,12.12,406.1,25.16,0,Baixo
3035,5788.53,6.55,515.9,45.16,0,Médio
3036,4568.19,1.85,433.3,2.24,0,Baixo
3037,6273.0,6.94,776.0,68.46,1,Médio
3038,8197.02,10.33,547.0,76.19,0,Médio
3039,7413.74,1.07,678.5,28.3,0,Médio
3040,10469.35,4.95,619.6,65.17,0,Alto
3041,6357.36,4.09,664.1,18.8,0,Baixo
3042,4484.43,8.04,564.3,15.36,0,Baixo
3043,6708.33,2.48,617.6,29.04,1,Médio
3044,2375.01,13.93,661.0,52.88,1,Baixo
3045,3620.1,0.26,568.2,24.44,0,Médio
3046,6979.32,2.28,603.0,25.05,0,Baixo
3047,8020.3,6.24,582.1,24.27,0,Médio
3048,3129.26,8.23,663.4,30.68,0,Baixo
3049,3785.4,5.56,582.8,42.21,0,Médio
3050,2254.93,4.87,416.9,44.02,0,Alto
3051,8815.38,4.4,566.1,52.13,0,Médio
3052,2983.98,7.6,439.7,42.71,0,Médio
3053,8838.94,9.72,594.4,64.81,0,Baixo
3054,7324.28,4.55,752.9,30.14,1,Baixo
3055,5342.98,1.52,623.2,0,0,Baixo
3056,3504.42,2.21,615.4,25.49,0,Médio
3057,6535.33,3.45,729.4,27.49,0,Médio
3058,3938.12,0.1,620.8,53.49,0,Alto
3059,4180.8,1.82,691.0,55.0,0,Médio
3060,10361.05,5.16,790.3,53.25,1,Médio
3061,11962.78,6.52,482.6,27.46,0,Baixo
3062,7959.64,9.02,584.9,23.84,0,Baixo
3063,10918.04,2.95,541.8,57.52,0,Médio
3064,6412.16,6.07,574.7,63.46,1,Médio
3065,5143.58,5.28,545.0,55.02,0,Médio
3066,6750.49,3.68,670.3,33.24,0,Baixo
3067,5673.77,0.1,536.8,37.89,0,Baixo
3068,11825.88,7.39,672.0,80.46,1,Alto
3069,5593.6,5.32,691.1,46.85,0,Médio
3070,2130.33,0.1,719.1,68.69,0,Alto
3071,7166.51,4.27,583.8,28.62,0,Médio
3072,13040.33,2.48,637.1,1.19,1,Baixo
3073,9819.96,5.04,620.8,56.6,0,Alto
3074,11047.32,8.59,687.7,32.55,1,Baixo
3075,10788.6,6.48,634.4,57.71,1,Médio
3076,6805.21,5.14,695.7,40.02,0,Baixo
3077,10145.42,0.1,543.6,34.7,0,Baixo
3078,9890.91,0.1,475.2,73.16,1,Alto
3079,10508.81,3.1,432.0,46.24,0,Alto
3080,11311.17,4.89,548.7,92.56,0,Médio
3081,2951.21,3.39,502.2,27.69,1,Baixo
3082,10142.49,4.82,670.7,52.87,0,Alto
3083,5935.14,1.48,687.9,64.36,0,Alto
3084,23942.62,3.64,696.7,17.18,1,Baixo
3085,5522.71,2.95,662.7,11.43,1,Baixo
3086,2096.87,2.88,552.4,47.98,0,Médio
3087,10446.63,4.17,600.1,57.63,0,Médio
3088,4288.23,0.98,629.7,54.6,0,Médio
3089,3241.41,7.29,485.7,87.4,0,Alto
3090,6838.5,4.95,825.8,61.06,1,Médio
3091,5679.47,0.1,723.8,30.02,0,Alto
3092,4308.59,2.87,666.7,40.81,0,Médio
3093,4250.67,3.48,668.3,76.15,1,Alto
3094,4913.98,3.48,537.1,34.06,0,Médio
3095,15929.67,3.87,703.1,32.19,0,Médio
3096,5101.47,4.42,412.1,20.0,0,Médio
3097,4731.25,7.53,499.8,37.9,0,Médio
3098,6400.96,1.42,519.1,42.53,1,Médio
3099,3844.35,8.71,602.7,42.72,0,Médio
3100,5652.71,8.99,573.4,39.84,0,Baixo
3101,14892.82,0.1,556.4,15.68,0,Baixo
3102,8273.15,3.07,554.1,56.83,0,Alto
3103,5351.41,6.61,335.6,71.22,1,Médio
3104,4354.16,4.16,747.7,8.23,0,Baixo
3105,3991.07,0.1,601.0,64.25,0,Médio
3106,8942.33,6.26,699.3,38.13,1,Baixo
3107,9356.48,3.5,623.3,43.5,0,Médio
3108,8252.09,8.1,666.8,68.94,0,Médio
3109,4444.62,11.27,448.0,24.53,0,Baixo
3110,7579.89,1.31,630.3,24.05,0,Baixo
3111,8298.19,11.62,605.3,36.49,1,Baixo
3112,13205.27,2.12,588.7,33.39,0,Alto
3113,4897.21,6.39,597.6,32.63,0,Baixo
3114,6428.52,8.68,719.6,39.4,1,Baixo
3115,11080.56,0.1,803.8,45.81,1,Médio
3116,7524.2,1.94,726.5,54.14,1,Médio
3117,3104.41,5.14,420.5,62.16,0,Médio
3118,7159.6,1.3,521.5,38.51,0,Alto
3119,1500,2.0,419.9,17.02,0,Médio
3120,2513.24,9.93,649.9,31.48,1,Baixo
3121,2702.93,5.97,555.2,28.95,0,Baixo
3122,4233.15,4.18,560.7,63.12,0,Médio
3123,4263.28,8.13,522.3,33.67,1,Baixo
3124,7928.67,4.67,716.2,90.34,1,Alto
3125,2412.5,0.39,786.4,33.97,0,Médio
3126,7331.71,1.46,567.8,48.52,1,Médio
3127,7211.93,0.1,556.3,22.82,0,Baixo
3128,7121.59,5.27,625.2,45.08,0,Alto
3129,4145.47,6.44,651.4,7.91,0,Baixo
3130,1951.37,7.52,473.3,57.79,0,Baixo
3131,15014.99,6.21,592.0,82.66,1,Alto
3132,4731.67,10.92,594.7,56.83,0,Médio
3133,2979.03,7.97,553.9,49.51,0,Baixo
3134,6617.35,4.02,600.8,54.92,0,Médio
3135,3993.49,1.58,604.2,27.33,0,Baixo
3136,2668.3,1.99,385.6,32.79,0,Baixo
3137,6379.16,0.89,634.3,28.91,0,Baixo
3138,12422.7,7.99,763.4,28.8,1,Médio
3139,2699.22,4.86,594.9,53.91,0,Médio
3140,6339.21,1.07,565.9,70.57,0,Alto
3141,2912.72,4.63,816.9,100,1,Alto
3142,9901.93,0.1,725.1,28.87,0,Médio
3143,14328.7,0.45,600.7,46.7,0,Alto
3144,3845.49,0.1,621.9,74.29,0,Alto
3145,5478.54,0.35,620.4,4.88,0,Baixo
3146,5706.86,0.1,435.0,76.23,0,Médio
3147,5660.07,7.74,831.3,34.72,1,Médio
3148,8262.75,4.94,696.3,61.81,0,Médio
3149,3741.08,0.1,570.1,9.09,0,Baixo
3150,12032.37,2.1,557.3,7.87,0,Baixo
3151,3104.86,4.27,600.1,57.42,1,Médio
3152,5356.21,5.16,598.4,46.63,0,Médio
3153,17306.75,11.28,789.9,42.9,1,Baixo
3154,8097.93,4.61,505.1,40.07,0,Baixo
3155,11981.72,6.97,692.0,51.95,1,Médio
3156,6567.07,4.99,628.6,93.69,0,Alto
3157,10700.74,2.88,545.4,51.2,0,Médio
3158,4886.42,0.25,558.1,49.9,0,Alto
3159,3726.93,3.8,398.0,39.61,0,Baixo
3160,4958.94,6.61,544.8,60.87,0,Baixo
3161,5007.01,8.36,582.0,65.0,1,Médio
3162,6763.56,0.1,625.1,68.56,0,Alto
3163,3243.79,5.04,684.6,41.78,1,Baixo
3164,7569.35,3.77,768.1,59.75,1,Alto
3165,8502.24,2.53,661.6,15.54,0,Baixo
3166,20425.51,1.73,589.2,1.32,0,Baixo
3167,7570.79,4.43,589.4,0,0,Baixo
3168,8903.88,0.1,564.5,31.88,0,Médio
3169,4394.15,7.57,617.3,46.47,0,Médio
3170,7699.62,6.67,627.4,0,0,Baixo
3171,6634.53,4.84,573.1,71.3,1,Médio
3172,8755.7,4.14,688.1,33.03,1,Alto
3173,7953.91,1.59,524.7,54.3,0,Alto
3174,4100.47,0.1,606.9,20.66,0,Baixo
3175,6282.22,4.57,714.8,38.99,0,Baixo
3176,7310.41,4.59,608.3,82.23,0,Alto
3177,4892.65,6.32,652.5,54.57,1,Médio
3178,7168.06,2.11,787.5,87.65,1,Alto
3179,7469.84,3.52,812.2,75.07,1,Alto
3180,3170.21,7.04,397.6,48.66,0,Baixo
3181,5287.71,7.43,569.2,33.29,1,Baixo
3182,7328.82,7.68,580.3,77.2,0,Médio
3183,2146.61,8.04,779.0,38.61,0,Médio
3184,3313.42,4.43,729.5,25.97,1,Baixo
3185,4656.85,3.97,625.1,45.27,1,Alto
3186,18506.53,8.93,633.9,47.22,0,Baixo
3187,3808.38,2.02,422.6,32.08,0,Médio
3188,6233.25,0.1,546.6,46.64,0,Médio
3189,6006.17,4.78,712.5,65.6,0,Alto
3190,5932.16,6.09,769.4,82.7,0,Alto
3191,5122.18,9.68,562.1,16.37,1,Baixo
3192,10914.87,7.5,564.8,27.04,1,Baixo
3193,6254.86,0.1,809.6,51.18,1,Médio
3194,11641.45,3.86,658.6,70.33,1,Alto
3195,16675.74,2.0,680.5,47.58,1,Alto
3196,5525.88,10.33,506.0,39.23,0,Baixo
3197,4622.27,0.1,661.2,64.12,1,Alto
3198,10872.03,0.88,678.6,32.78,1,Médio
3199,3104.81,0.35,490.2,73.83,0,Alto
3200,8335.89,2.24,580.0,93.34,0,Alto
3201,5705.97,3.62,592.1,48.0,0,Médio
3202,8259.45,6.0,615.7,55.86,1,Alto
3203,4554.95,6.5,537.6,84.91,0,Alto
3204,3493.72,4.16,626.9,55.86,0,Baixo
3205,3359.97,1.11,544.9,24.89,1,Baixo
3206,8082.24,0.9,642.7,6.01,0,Baixo
3207,5777.45,2.89,676.8,48.39,1,Médio
3208,3587.57,3.58,573.9,65.47,0,Alto
3209,3779.74,7.97,649.2,30.65,1,Baixo
3210,15910.35,1.86,762.8,99.53,0,Alto
3211,7754.32,0.3,709.4,51.48,0,Alto
3212,3947.56,5.87,648.3,27.15,0,Médio
3213,3410.39,0.1,654.2,42.82,0,Alto
3214,7793.97,2.92,447.7,51.17,0,Médio
3215,6771.11,5.82,649.8,48.57,1,Baixo
3216,4494.93,1.65,543.7,34.23,1,Alto
3217,4985.89,3.62,639.4,63.59,0,Médio
3218,7667.25,9.01,764.3,36.51,1,Baixo
3219,5204.02,3.67,776.9,54.65,0,Médio
3220,4941.26,3.38,389.6,38.76,0,Médio
3221,7632.04,8.23,766.4,21.88,1,Baixo
3222,3525.78,2.74,639.3,35.74,0,Médio
3223,8730.38,4.25,452.4,20.14,1,Baixo
3224,7240.44,0.32,551.8,77.91,0,Alto
3225,8658.82,8.97,592.0,3.15,1,Baixo
3226,5753.65,3.96,599.9,41.49,0,Médio
3227,13474.3,0.1,639.4,100,0,Alto
3228,4991.96,3.67,490.7,55.21,0,Alto
3229,3445.03,6.13,594.1,60.8,0,Alto
3230,12746.8,5.81,596.3,67.52,0,Alto
3231,14708.22,7.34,580.5,43.29,0,Médio
3232,3991.06,3.43,661.2,50.97,1,Alto
3233,4247.93,7.0,661.5,33.1,1,Baixo
3234,5456.87,4.15,565.0,13.36,1,Baixo
3235,4442.39,3.14,563.9,28.18,0,Baixo
3236,9081.76,4.01,542.7,64.15,1,Alto
3237,19344.29,7.24,526.1,17.99,1,Baixo
3238,7057.11,3.62,650.7,73.3,0,Alto
3239,2715.21,6.92,662.6,81.91,1,Alto
3240,9682.36,5.02,410.6,19.61,0,Baixo
3241,7451.86,8.81,457.5,8.92,0,Baixo
3242,9704.69,3.45,667.6,84.99,0,Alto
3243,6176.2,5.61,679.4,68.05,0,Alto
3244,8121.89,1.39,661.1,49.31,0,Alto
3245,18580.29,2.45,604.2,3.86,0,Baixo
3246,3820.78,6.09,614.0,58.32,1,Baixo
3247,5013.02,1.63,728.2,33.39,1,Baixo
3248,6324.02,0.1,580.1,31.95,0,Médio
3249,7032.13,5.97,694.9,24.51,1,Baixo
3250,9326.05,7.21,779.7,52.86,0,Médio
3251,2863.3,9.58,607.6,18.44,0,Baixo
3252,18022.6,8.73,618.8,52.54,0,Médio
3253,6824.22,0.1,709.0,5.47,0,Baixo
3254,4100.89,4.39,587.4,100,0,Alto
3255,8342.31,5.36,392.6,59.58,0,Médio
3256,6770.7,9.21,729.9,0,1,Baixo
3257,10217.68,1.1,858.0,23.7,1,Médio
3258,4583.75,0.1,551.3,75.43,0,Alto
3259,4940.22,6.94,606.1,73.0,0,Alto
3260,8261.16,2.3,565.9,39.67,0,Médio
3261,9344.56,3.78,597.4,42.04,1,Médio
3262,3631.38,3.63,768.7,49.9,1,Médio
3263,5013.65,14.59,655.8,16.58,0,Baixo
3264,6484.89,4.89,495.5,23.38,1,Baixo
3265,2895.47,8.96,672.3,31.69,1,Médio
3266,3104.76,5.37,711.2,55.13,0,Médio
3267,2108.3,6.27,497.6,28.1,0,Baixo
3268,3195.1,2.87,687.3,36.51,0,Médio
3269,4547.91,8.23,577.3,63.48,1,Baixo
3270,4287.62,7.96,579.0,5.58,0,Baixo
3271,2017.71,11.4,582.8,28.27,0,Baixo
3272,8959.52,9.07,743.0,39.66,0,Baixo
3273,5710.75,2.82,524.0,59.05,0,Médio
3274,6207.12,6.81,702.6,64.56,0,Médio
3275,7122.85,6.01,584.9,51.04,0,Médio
3276,8875.31,6.54,672.0,29.95,0,Baixo
3277,10082.67,5.99,532.0,62.9,0,Médio
3278,4899.98,0.1,751.4,1.69,0,Baixo
3279,9702.59,3.58,753.0,52.21,0,Médio
3280,5196.21,6.85,603.1,81.23,0,Alto
3281,11954.55,8.42,804.7,18.52,1,Baixo
3282,5829.61,2.42,345.9,22.0,0,Baixo
3283,10119.35,4.99,560.5,12.54,0,Baixo
3284,3506.44,0.1,851.4,61.0,1,Alto
3285,5689.44,6.88,704.9,29.11,0,Baixo
3286,14375.55,3.35,648.4,25.93,1,Médio
3287,3905.48,6.11,554.1,44.65,0,Médio
3288,11957.24,13.0,606.1,62.6,0,Baixo
3289,2615.57,7.33,783.8,29.92,1,Médio
3290,6483.09,1.16,666.3,51.08,0,Alto
3291,6828.87,1.4,661.8,33.83,0,Baixo
3292,14861.23,3.73,678.7,33.05,1,Baixo
3293,7140.13,6.76,643.5,59.43,0,Médio
3294,8997.75,0.1,474.9,86.81,0,Alto
3295,7128.25,5.08,507.7,40.56,0,Médio
3296,11148.22,5.03,713.0,7.01,1,Baixo
3297,2474.12,1.2,707.9,48.97,1,Alto
3298,5364.24,0.83,619.8,34.88,0,Baixo
3299,5800.89,8.4,673.7,50.59,0,Médio
3300,2659.94,7.26,635.6,65.38,1,Baixo
3301,3863.86,3.47,710.3,75.26,1,Médio
3302,7593.76,5.92,581.9,41.03,0,Baixo
3303,5768.24,10.41,670.1,52.04,0,Alto
3304,6680.14,9.49,773.5,4.72,0,Baixo
3305,3369.3,1.59,663.1,60.18,0,Alto
3306,14505.96,8.8,783.7,52.46,1,Baixo
3307,15809.34,10.19,579.0,10.51,1,Baixo
3308,3948.0,0.1,615.3,70.97,1,Alto
3309,2022.3,4.64,526.1,68.19,0,Alto
3310,7911.87,0.81,646.3,49.26,1,Médio
3311,3638.11,0.1,564.6,41.87,0,Médio
3312,9835.46,3.06,679.3,62.69,1,Médio
3313,8257.34,2.22,498.5,90.1,0,Alto
3314,6935.48,4.46,741.7,83.73,1,Médio
3315,7893.63,5.07,708.2,12.66,1,Baixo
3316,5092.76,7.8,581.6,47.34,1,Médio
3317,7508.68,4.19,424.4,69.0,0,Médio
3318,6246.47,4.0,450.7,49.15,0,Alto
3319,6333.12,3.13,595.5,59.96,1,Médio
3320,5915.85,5.09,462.1,64.27,0,Médio
3321,6982.3,0.1,524.7,57.0,0,Alto
3322,2087.02,0.1,629.9,37.55,1,Médio
3323,3440.54,1.48,498.4,42.94,0,Alto
3324,6897.76,2.53,462.1,74.7,0,Alto
3325,2590.56,9.2,547.4,0,1,Baixo
3326,11232.86,7.11,704.6,85.18,0,Médio
3327,7310.44,9.88,546.6,66.01,0,Médio
3328,4984.89,0.1,648.8,47.45,0,Alto
3329,3000.5,5.99,506.0,80.49,0,Médio
3330,9069.96,8.78,700.4,20.24,1,Baixo
3331,8269.19,0.2,646.5,84.33,1,Alto
3332,6145.87,5.05,678.2,26.16,1,Médio
3333,2746.11,7.06,582.8,26.49,0,Baixo
3334,4989.9,3.97,453.7,44.67,0,Alto
3335,5125.49,3.76,643.6,49.84,0,Alto
3336,3923.65,4.2,815.8,88.71,0,Médio
3337,17618.86,5.04,632.0,35.59,0,Baixo
3338,5215.51,13.2,654.8,31.92,0,Baixo
3339,12452.73,0.87,656.4,52.73,0,Médio
3340,3327.69,0.99,595.4,48.54,0,Médio
3341,5056.87,2.08,527.0,56.16,0,Alto
3342,4114.39,7.0,690.2,54.48,0,Alto
3343,6281.81,8.43,643.5,40.53,1,Baixo
3344,6470.14,3.84,562.1,53.41,1,Alto
3345,4640.95,0.1,604.7,47.17,1,Médio
3346,7978.71,1.26,727.9,2.77,1,Baixo
3347,3505.89,0.1,475.2,52.65,0,Alto
3348,6317.65,3.35,387.3,1.15,0,Baixo
3349,7676.95,7.77,694.5,20.96,0,Médio
3350,2930.35,6.73,710.8,54.57,1,Médio
3351,6218.35,10.93,700.2,38.2,0,Baixo
3352,3307.75,1.75,709.3,68.2,0,Médio
3353,3627.64,8.52,623.3,71.95,0,Alto
3354,6201.12,4.2,473.4,64.65,0,Médio
3355,5411.11,4.11,541.0,31.58,0,Médio
3356,7881.85,5.2,647.6,71.03,1,Médio
3357,3596.17,0.8,602.0,34.14,1,Médio
3358,5098.78,4.05,607.9,58.01,0,Médio
3359,4730.51,11.19,786.9,53.52,0,Baixo
3360,11629.18,4.98,599.0,23.26,1,Baixo
3361,2787.19,0.1,632.5,56.07,1,Alto
3362,5374.96,6.87,524.6,26.7,1,Baixo
3363,5695.28,2.33,770.5,66.04,1,Médio
3364,4745.4,6.69,654.4,71.09,1,Alto
3365,6010.87,0.1,542.5,52.72,0,Médio
3366,5442.5,3.12,571.0,4.99,0,Baixo
3367,9164.37,3.8,712.2,58.74,0,Baixo
3368,6847.9,1.94,533.3,70.67,0,Médio
3369,5762.88,4.12,715.4,19.95,0,Médio
3370,2696.46,9.45,715.9,68.8,0,Baixo
3371,7813.3,12.19,806.4,18.42,1,Baixo
3372,2690.3,5.96,734.8,14.67,1,Baixo
3373,5502.69,14.64,579.6,59.22,0,Médio
3374,3646.62,1.94,659.5,69.2,1,Alto
3375,21258.57,6.67,789.6,67.8,1,Médio
3376,4920.2,2.31,573.1,61.13,0,Médio
3377,7801.13,6.77,584.9,50.76,1,Baixo
3378,7011.36,3.61,640.9,79.65,1,Alto
3379,5988.45,3.49,765.9,32.92,1,Baixo
3380,6696.59,2.08,725.0,18.39,1,Baixo
3381,14780.43,5.23,631.0,19.7,1,Baixo
3382,4860.55,3.35,520.3,44.6,0,Médio
3383,3603.96,7.14,657.7,26.43,0,Baixo
3384,5266.41,4.05,718.0,75.17,1,Baixo
3385,8593.86,3.79,590.2,42.0,0,Médio
3386,4609.67,6.15,726.6,48.2,1,Baixo
3387,3478.87,3.57,587.8,40.23,0,Baixo
3388,5354.07,4.43,763.6,33.5,0,Baixo
3389,3462.62,5.28,338.0,58.6,0,Médio
3390,5777.83,4.11,667.1,3.74,0,Baixo
3391,8172.91,0.11,495.0,54.6,1,Alto
3392,6280.12,10.88,530.0,44.09,1,Médio
3393,3161.85,5.81,598.0,22.0,0,Médio
3394,10436.95,0.1,586.9,58.65,0,Médio
3395,8563.49,5.67,542.5,39.09,0,Baixo
3396,7835.38,7.6,539.8,41.66,0,Médio
3397,3908.92,0.1,609.0,72.23,0,Alto
3398,4795.43,0.58,677.9,69.63,0,Alto
3399,11568.16,4.81,561.1,72.99,0,Médio
3400,9809.12,3.21,712.5,68.98,1,Médio
3401,7062.0,4.83,574.0,39.23,0,Baixo
3402,8187.03,3.56,609.9,44.19,0,Médio
3403,9729.98,8.7,554.9,28.07,0,Baixo
3404,6273.58,3.36,728.1,44.56,0,Alto
3405,9648.38,3.83,476.7,61.57,0,Médio
3406,11146.42,4.67,547.5,62.42,0,Alto
3407,4937.04,5.12,668.7,29.32,0,Baixo
3408,12237.95,5.65,621.7,52.36,1,Médio
3409,13011.49,7.7,465.7,63.91,0,Baixo
3410,9060.04,4.06,618.9,44.93,0,Médio
3411,5190.27,5.96,636.0,57.81,1,Médio
3412,4953.08,1.59,528.3,19.4,0,Baixo
3413,5478.01,0.2,651.7,65.5,0,Alto
3414,6284.22,5.05,503.2,53.36,0,Médio
3415,6244.02,0.35,327.5,29.1,0,Médio
3416,3796.22,0.1,612.0,85.33,1,Alto
3417,4023.04,7.22,733.3,62.96,1,Alto
3418,4242.66,8.41,660.3,28.57,0,Baixo
3419,5478.15,0.16,561.5,64.84,1,Alto
3420,3978.33,5.78,751.8,17.04,0,Baixo
3421,3611.97,3.56,631.0,27.9,0,Baixo
3422,10139.42,3.4,712.9,30.93,0,Alto
3423,6176.42,0.1,491.7,15.39,0,Baixo
3424,4894.7,0.72,709.1,59.21,0,Alto
3425,5685.06,9.66,649.0,44.24,1,Baixo
3426,7568.86,1.95,602.3,31.91,1,Médio
3427,4598.57,0.1,684.8,33.22,0,Médio
3428,4610.08,3.4,633.1,45.74,1,Médio
3429,5744.84,7.18,648.6,33.58,1,Baixo
3430,7342.58,0.1,629.8,35.64,1,Médio
3431,4955.89,10.81,578.9,69.54,0,Alto
3432,5866.1,4.22,626.6,14.86,0,Médio
3433,4450.13,4.49,673.1,42.99,0,Médio
3434,5524.68,7.66,560.7,9.8,0,Baixo
3435,6412.11,6.5,762.9,8.78,1,Baixo
3436,7024.43,4.99,514.1,43.98,1,Médio
3437,4633.42,8.86,565.9,100,0,Alto
3438,4382.56,6.14,790.0,71.91,1,Alto
3439,6137.61,5.39,726.7,47.03,1,Alto
3440,4622.69,5.63,498.2,37.83,0,Baixo
3441,8234.39,5.4,539.3,37.05,0,Baixo
3442,4055.81,8.23,452.8,79.82,0,Alto
3443,4641.49,8.74,606.2,36.64,0,Baixo
3444,9056.37,0.1,638.8,30.86,1,Baixo
3445,9354.2,6.12,642.9,0,0,Baixo
3446,5569.9,4.29,712.1,46.67,0,Baixo
3447,7060.91,6.49,649.3,58.28,0,Alto
3448,9106.97,0.1,602.2,48.69,1,Médio
3449,5606.03,0.1,402.6,35.55,0,Médio
3450,8321.96,4.92,521.4,45.61,1,Médio
3451,4404.21,3.81,687.4,53.34,0,Médio
3452,5770.57,8.07,497.6,24.84,0,Baixo
3453,6241.01,4.52,538.4,32.17,0,Médio
3454,3821.76,5.21,658.2,35.04,0,Baixo
3455,9558.61,3.4,569.6,37.96,0,Médio
3456,13084.73,3.47,448.8,29.29,1,Médio
3457,5818.87,3.63,621.5,44.08,0,Médio
3458,20813.6,6.98,652.3,100,1,Alto
3459,6598.15,6.25,668.5,60.1,1,Baixo
3460,5426.63,9.01,766.5,6.49,1,Baixo
3461,8949.55,2.24,547.0,36.56,1,Médio
3462,4816.82,3.51,687.1,56.47,1,Médio
3463,5175.72,6.8,664.9,13.43,1,Baixo
3464,9353.52,2.26,588.2,10.36,0,Baixo
3465,3244.83,2.0,725.0,16.38,1,Baixo
3466,5534.44,0.12,644.9,28.11,1,Médio
3467,10429.64,2.25,717.3,43.72,0,Baixo
3468,8355.64,6.02,600.2,65.89,0,Médio
3469,5247.97,3.28,739.9,11.11,0,Baixo
3470,4824.45,0.1,718.6,41.22,1,Médio
3471,7301.19,6.82,593.0,70.04,1,Alto
3472,5696.17,6.06,713.5,53.46,1,Médio
3473,2352.93,2.54,638.8,47.04,0,Baixo
3474,6875.18,8.02,505.0,36.46,0,Médio
3475,15529.36,11.54,654.9,49.51,1,Baixo
3476,18082.43,3.98,692.8,38.64,0,Médio
3477,5248.85,7.78,548.3,51.7,0,Alto
3478,3638.2,3.65,744.6,47.84,1,Médio
3479,8457.77,0.1,586.3,36.3,1,Médio
3480,8032.9,1.57,623.8,33.8,1,Médio
3481,17059.31,9.09,494.8,42.97,0,Baixo
3482,6642.7,2.49,774.3,49.19,1,Médio
3483,8278.02,5.01,621.7,34.84,0,Baixo
3484,9566.15,11.29,694.5,21.16,1,Baixo
3485,6362.1,8.15,717.4,20.73,0,Baixo
3486,4186.15,2.42,642.1,79.53,0,Alto
3487,6720.3,4.04,596.4,13.51,0,Baixo
3488,3071.07,9.34,434.2,40.01,0,Baixo
3489,7191.68,9.82,548.8,24.72,0,Baixo
3490,5080.89,6.67,635.7,61.26,1,Baixo
3491,4153.5,3.26,452.2,44.97,0,Baixo
3492,5671.59,6.26,427.9,33.97,0,Alto
3493,8857.48,2.15,812.8,53.0,1,Médio
3494,6686.61,2.71,488.4,36.06,0,Médio
3495,5562.49,7.01,558.4,47.52,0,Médio
3496,8731.31,2.15,583.2,29.28,1,Baixo
3497,2864.09,11.9,667.7,30.21,0,Baixo
3498,9845.6,2.59,667.2,79.66,1,Alto
3499,7743.86,5.5,645.2,39.88,1,Médio
3500,4452.4,1.45,601.1,13.47,0,Baixo
3501,2139.38,3.39,568.8,34.72,1,Médio
3502,4507.95,4.77,712.2,32.16,1,Baixo
3503,8147.96,7.12,657.2,73.76,1,Alto
3504,3257.67,4.34,555.9,72.44,1,Alto
3505,3857.62,5.88,608.1,26.82,0,Baixo
3506,5277.6,1.73,658.6,24.07,0,Médio
3507,8965.6,3.39,608.8,25.71,1,Médio
3508,7307.75,5.35,703.0,65.0,1,Alto
3509,5643.91,9.67,543.9,61.53,0,Médio
3510,5223.68,0.11,627.5,73.03,0,Alto
3511,6673.53,7.7,594.4,59.94,0,Alto
3512,4789.99,5.18,511.8,47.87,0,Médio
3513,4808.17,11.75,583.1,11.08,0,Baixo
3514,4067.92,3.32,708.4,45.56,1,Médio
3515,9248.01,1.07,557.4,64.96,1,Médio
3516,4881.22,2.35,698.4,0,1,Baixo
3517,11740.14,9.68,629.3,26.76,1,Médio
3518,8515.83,1.67,574.2,34.44,1,Médio
3519,4666.77,10.95,672.8,25.28,1,Baixo
3520,5919.02,6.26,706.7,45.4,0,Médio
3521,9820.22,7.59,650.4,51.56,0,Baixo
3522,5556.34,3.71,639.1,32.58,0,Baixo
3523,2391.92,9.18,513.7,85.05,0,Médio
3524,2077.79,10.1,628.3,49.15,0,Baixo
3525,5432.55,2.72,441.0,39.95,0,Médio
3526,12252.63,4.84,617.2,55.36,0,Médio
3527,8396.6,4.29,490.3,66.62,0,Alto
3528,1884.51,5.32,540.1,82.16,0,Alto
3529,4979.19,8.78,668.0,63.99,0,Baixo
3530,8187.28,6.66,629.5,70.27,0,Alto
3531,4608.92,6.93,597.6,24.8,0,Médio
3532,6778.8,7.59,516.5,1.39,0,Baixo
3533,6217.35,1.73,569.3,42.99,0,Médio
3534,11172.34,3.54,699.6,25.77,0,Baixo
3535,7479.48,9.49,656.3,23.42,0,Baixo
3536,5186.64,7.98,603.9,20.1,0,Baixo
3537,5004.44,3.93,657.7,22.15,0,Baixo
3538,8798.43,5.11,420.9,72.7,0,Alto
3539,5912.31,3.93,532.2,67.62,0,Médio
3540,5575.5,0.1,645.1,5.34,0,Baixo
3541,4587.4,3.91,435.5,26.02,0,Baixo
3542,7829.02,8.32,567.8,17.12,0,Baixo
3543,5938.79,3.27,707.8,38.46,1,Baixo
3544,5810.97,5.78,734.2,27.04,0,Médio
3545,4363.88,8.97,641.8,26.29,0,Baixo
3546,8286.99,0.62,625.6,41.46,0,Médio
3547,7160.39,1.55,665.8,63.06,1,Alto
3548,8132.43,3.34,668.4,24.3,1,Médio
3549,2008.54,10.07,716.4,34.2,0,Baixo
3550,3917.4,3.45,586.5,43.29,0,Médio
3551,8264.56,2.26,544.9,30.81,0,Médio
3552,6784.76,3.54,499.0,62.45,0,Médio
3553,8170.31,0.17,611.8,70.92,0,Alto
3554,4368.73,2.21,434.5,35.98,0,Médio
3555,3364.61,6.23,443.3,46.21,0,Médio
3556,2728.46,7.9,658.9,37.04,0,Baixo
3557,7837.85,3.56,584.1,17.71,0,Médio
3558,4437.05,5.56,608.3,63.73,1,Médio
3559,7292.11,8.72,633.3,69.66,0,Alto
3560,5166.07,0.87,646.0,46.03,0,Alto
3561,8449.98,8.3,530.9,47.51,0,Baixo
3562,5986.56,0.1,498.6,86.3,0,Alto
3563,5038.07,1.88,578.2,70.65,0,Alto
3564,14104.64,1.83,520.2,34.85,0,Médio
3565,2610.18,1.74,657.2,18.06,0,Médio
3566,8081.99,0.61,496.3,60.85,0,Médio
3567,6057.72,1.77,645.2,52.72,1,Médio
3568,2379.74,1.4,594.7,41.51,0,Alto
3569,4503.37,7.17,727.8,43.41,1,Médio
3570,9601.92,6.69,655.5,45.02,1,Médio
3571,3477.54,5.33,551.9,61.55,0,Baixo
3572,4606.96,2.32,570.6,62.64,0,Alto
3573,4737.85,6.76,723.3,85.25,1,Alto
3574,12973.78,0.96,698.8,47.8,1,Alto
3575,2338.75,4.47,697.1,61.1,0,Médio
3576,6399.81,1.58,663.6,49.94,1,Médio
3577,6165.78,5.63,646.0,63.77,1,Médio
3578,5680.34,5.75,454.4,19.79,0,Baixo
3579,7663.34,0.16,628.8,96.2,0,Alto
3580,12383.79,2.24,439.8,34.3,1,Baixo
3581,4766.36,3.99,794.7,62.77,1,Médio
3582,5700.95,3.45,586.4,15.57,1,Baixo
3583,4516.21,5.88,514.7,78.44,0,Alto
3584,12364.39,5.28,791.7,38.28,0,Médio
3585,6017.0,3.81,554.1,29.57,0,Baixo
3586,5528.7,5.44,432.7,26.34,0,Médio
3587,5586.51,3.31,631.1,42.59,0,Médio
3588,3346.51,14.34,637.9,89.66,0,Alto
3589,5024.98,1.56,651.9,20.22,0,Baixo
3590,2517.85,10.42,769.2,52.5,1,Baixo
3591,4354.03,7.69,658.7,39.66,0,Baixo
3592,4555.44,2.78,555.7,24.37,0,Médio
3593,4102.74,5.96,566.7,51.58,0,Alto
3594,2398.28,0.65,536.6,43.92,1,Baixo
3595,12262.61,3.7,652.0,27.97,1,Baixo
3596,5330.71,7.92,629.7,0,0,Baixo
3597,5942.97,7.74,632.5,33.37,0,Baixo
3598,9585.78,0.64,545.7,35.01,0,Médio
3599,8597.66,0.1,698.3,52.32,1,Alto
3600,5230.28,0.1,612.7,61.84,0,Alto
3601,5166.73,4.83,539.8,57.5,0,Médio
3602,5769.68,3.85,599.8,33.68,0,Médio
3603,6975.91,6.36,571.1,31.67,1,Baixo
3604,6945.71,5.18,591.8,46.85,0,Alto
3605,5171.56,9.65,574.0,23.82,1,Baixo
3606,8687.6,6.03,678.1,55.65,1,Médio
3607,5783.4,1.44,508.9,56.77,0,Médio
3608,7012.22,0.85,569.4,46.87,0,Alto
3609,7293.3,0.1,636.4,44.27,1,Médio
3610,3277.8,3.52,712.6,51.19,0,Baixo
3611,7324.2,2.02,660.0,58.64,0,Alto
3612,5070.01,3.48,378.7,78.5,0,Alto
3613,6250.81,4.49,619.1,37.84,0,Baixo
3614,18641.63,3.95,737.2,84.71,1,Alto
3615,4800.21,6.51,596.1,38.5,0,Alto
3616,2720.21,7.44,524.4,36.02,1,Baixo
3617,11067.25,8.82,440.8,33.18,0,Baixo
3618,7337.21,1.99,542.6,24.21,0,Baixo
3619,7898.8,4.7,710.1,24.88,0,Baixo
3620,6191.16,7.68,649.8,39.1,0,Baixo
3621,7744.08,8.87,698.2,15.22,0,Baixo
3622,6886.4,3.43,635.4,50.38,0,Médio
3623,5856.6,3.47,783.3,33.68,1,Médio
3624,11580.61,3.59,496.0,66.47,0,Médio
3625,6692.73,3.87,625.2,21.63,0,Baixo
3626,8246.79,4.38,472.2,100,0,Alto
3627,2249.5,4.48,615.0,27.93,1,Baixo
3628,8561.43,8.58,651.0,12.65,1,Baixo
3629,5731.89,2.59,464.4,94.39,0,Alto
3630,4602.55,6.72,847.9,28.82,1,Baixo
3631,11433.82,4.1,596.8,36.69,0,Médio
3632,7065.26,1.12,784.8,48.71,0,Médio
3633,6787.03,5.95,723.5,24.95,1,Baixo
3634,4941.18,7.38,855.1,53.44,0,Médio
3635,10836.34,5.24,638.6,64.04,1,Alto
3636,4533.99,7.13,449.2,0,0,Baixo
3637,3575.11,5.0,680.9,73.96,1,Médio
3638,6298.53,6.45,717.8,22.26,1,Baixo
3639,7630.51,7.96,594.8,67.75,0,Alto
3640,3699.06,1.14,747.4,45.47,1,Alto
3641,4739.5,0.1,467.0,36.36,0,Médio
3642,11069.08,1.25,512.8,40.84,0,Médio
3643,2573.81,3.23,577.7,75.88,0,Alto
3644,3689.09,4.99,519.2,69.71,0,Alto
3645,14314.18,0.1,561.3,18.19,1,Baixo
3646,5978.5,7.88,650.6,37.14,0,Médio
3647,3753.86,6.24,785.5,42.39,0,Médio
3648,5337.68,4.5,516.1,86.91,0,Médio
3649,3925.92,0.1,442.4,69.9,1,Alto
3650,4815.59,1.97,617.4,43.72,0,Médio
3651,5514.0,2.85,654.0,55.95,0,Alto
3652,3658.62,7.36,587.6,0,1,Baixo
3653,8351.57,2.42,691.2,20.48,0,Baixo
3654,3544.11,2.97,605.6,24.48,0,Alto
3655,4811.71,1.63,554.4,52.47,0,Alto
3656,5144.26,7.43,591.0,40.73,0,Baixo
3657,10231.52,10.79,670.9,39.69,0,Baixo
3658,7383.31,4.36,617.1,44.3,1,Baixo
3659,3945.88,2.88,688.8,19.99,0,Baixo
3660,7304.54,3.8,649.2,57.18,0,Alto
3661,5148.5,4.33,548.7,46.11,0,Baixo
3662,6255.54,0.1,646.6,30.93,0,Médio
3663,4027.12,3.67,665.1,42.91,1,Baixo
3664,3117.64,0.1,686.2,73.42,1,Alto
3665,7447.5,4.74,676.0,35.5,1,Médio
3666,3112.93,0.92,644.0,27.82,0,Médio
3667,9200.71,6.83,652.1,44.52,0,Baixo
3668,5918.81,3.07,800.9,85.33,1,Alto
3669,4505.46,6.22,686.3,22.48,0,Médio
3670,3735.35,3.07,713.0,54.16,0,Médio
3671,7228.29,0.1,619.9,50.85,1,Alto
3672,7237.83,4.57,613.5,53.52,0,Médio
3673,5736.65,2.16,502.2,51.34,0,Alto
3674,6688.64,11.38,554.3,25.94,0,Baixo
3675,8555.2,0.72,604.2,64.66,0,Alto
3676,7628.88,2.65,561.4,66.29,0,Alto
3677,2644.2,4.27,605.5,17.01,0,Baixo
3678,7300.91,1.01,589.3,8.89,1,Baixo
3679,7130.49,8.5,757.1,0,0,Baixo
3680,12108.5,0.13,608.1,75.73,1,Alto
3681,4201.29,7.52,663.4,25.73,0,Baixo
3682,4715.31,3.44,548.6,46.68,0,Médio
3683,2374.02,4.31,568.1,38.13,0,Médio
3684,9817.93,0.1,507.7,83.16,1,Alto
3685,5480.59,8.26,549.5,61.43,0,Baixo
3686,9552.04,13.59,553.8,35.75,0,Baixo
3687,6081.28,5.1,600.9,80.75,0,Médio
3688,6114.85,4.87,514.4,64.79,0,Alto
3689,5138.75,2.52,477.5,61.82,0,Médio
3690,3768.18,9.38,642.7,50.6,0,Baixo
3691,7957.22,1.94,706.9,26.55,1,Baixo
3692,3227.13,3.87,599.3,52.02,0,Médio
3693,6995.34,5.21,503.5,87.69,1,Alto
3694,2814.25,9.07,564.7,33.52,0,Baixo
3695,8137.91,7.3,591.3,69.62,0,Médio
3696,2689.01,7.23,618.8,26.4,0,Baixo
3697,4572.64,9.14,654.4,70.71,0,Médio
3698,7567.04,0.79,755.7,72.46,1,Alto
3699,12663.31,1.03,609.4,73.74,0,Alto
3700,2659.31,0.5,643.2,33.73,0,Médio
3701,11782.62,5.14,601.9,78.92,0,Médio
3702,8595.82,5.67,505.5,45.39,0,Médio
3703,6077.41,3.61,590.6,29.35,0,Baixo
3704,11339.91,5.07,485.9,72.26,1,Médio
3705,7507.29,6.28,539.6,65.81,0,Alto
3706,6999.5,5.37,446.8,0,0,Baixo
3707,8108.05,0.49,551.4,32.52,0,Médio
3708,6128.58,4.77,794.5,54.54,1,Médio
3709,19619.53,0.1,828.6,28.92,1,Médio
3710,4373.99,0.1,548.5,58.27,0,Alto
3711,6721.11,6.71,571.1,55.85,0,Médio
3712,2155.03,10.26,533.8,0,0,Baixo
3713,5922.07,6.55,803.7,33.17,1,Médio
3714,3860.49,7.03,681.5,48.26,0,Baixo
3715,5187.15,3.51,687.4,25.68,0,Baixo
3716,6964.28,4.51,605.9,30.35,0,Médio
3717,6087.69,4.44,662.8,45.35,0,Médio
3718,2214.5,4.77,521.8,61.83,0,Médio
3719,7881.35,2.68,429.1,40.24,0,Médio
3720,5688.12,5.79,604.0,76.58,0,Médio
3721,2848.85,2.73,687.1,51.03,0,Alto
3722,15384.77,0.1,702.9,18.52,1,Baixo
3723,4484.28,3.25,634.5,32.98,0,Baixo
3724,10842.25,1.42,486.5,15.79,0,Baixo
3725,7471.12,3.49,484.9,57.26,1,Médio
3726,4306.9,1.4,432.0,76.84,0,Alto
3727,5863.52,7.68,421.4,37.03,0,Baixo
3728,4102.84,4.34,602.7,2.52,0,Baixo
3729,14247.46,3.67,695.4,27.56,1,Baixo
3730,6510.04,3.08,673.5,56.61,1,Médio
3731,3045.24,3.93,554.7,73.74,0,Médio
3732,13038.22,0.1,581.9,19.99,1,Baixo
3733,4663.3,6.18,725.1,19.71,1,Baixo
3734,2524.98,9.87,622.6,10.46,0,Baixo
3735,4266.88,1.12,481.3,23.21,0,Médio
3736,5257.42,2.45,489.2,9.74,0,Alto
3737,4605.81,9.94,615.0,64.58,1,Médio
3738,16589.23,0.1,701.8,73.37,1,Alto
3739,10379.96,3.39,625.4,32.05,0,Baixo
3740,3815.83,5.86,556.3,44.0,0,Médio
3741,2201.22,1.08,582.1,32.36,1,Médio
3742,4335.04,1.9,739.1,18.47,0,Médio
3743,3152.8,1.35,632.6,9.27,0,Médio
3744,4210.31,0.33,558.2,31.53,0,Médio
3745,5588.25,7.31,546.8,24.13,0,Baixo
3746,5394.39,0.1,660.0,35.61,0,Baixo
3747,10105.96,6.28,548.7,39.06,0,Médio
3748,20643.26,5.42,625.2,64.21,0,Alto
3749,8042.65,1.03,673.1,31.44,0,Baixo
3750,3788.08,5.96,574.9,47.31,0,Médio
3751,2162.41,6.27,834.1,54.02,1,Médio
3752,3590.83,5.07,721.5,19.04,0,Baixo
3753,7499.32,0.1,647.6,61.86,1,Médio
3754,5923.95,3.76,712.7,27.2,0,Baixo
3755,6209.51,2.79,632.9,24.63,1,Alto
3756,7875.15,3.88,623.6,29.41,0,Médio
3757,5046.08,10.81,610.4,71.64,0,Médio
3758,3062.85,0.1,472.4,0,0,Médio
3759,4883.01,5.57,710.7,39.19,0,Baixo
3760,7405.47,9.42,617.3,39.33,0,Baixo
3761,4064.21,0.1,506.5,48.01,0,Médio
3762,7912.9,4.88,629.1,51.01,1,Alto
3763,4054.37,0.74,640.7,20.54,0,Alto
3764,4864.53,0.1,449.5,23.44,0,Médio
3765,9540.82,2.42,551.2,43.81,1,Médio
3766,4700.3,0.24,657.6,81.2,0,Alto
3767,6482.99,0.1,644.1,87.19,1,Alto
3768,9375.74,4.36,708.2,50.37,1,Alto
3769,5923.31,0.1,732.5,73.7,1,Médio
3770,9116.73,12.26,695.0,43.13,0,Baixo
3771,2788.42,2.39,622.5,81.42,1,Alto
3772,7521.69,8.43,625.8,20.1,0,Médio
3773,4494.75,1.19,626.1,72.37,1,Médio
3774,2707.15,2.71,819.2,42.12,1,Alto
3775,8262.62,4.47,601.9,33.66,1,Médio
3776,6416.31,0.1,666.7,54.73,0,Alto
3777,4855.2,5.78,692.2,73.14,0,Alto
3778,4099.87,0.9,714.3,51.08,0,Médio
3779,7436.67,3.24,799.1,69.47,1,Alto
3780,4516.68,5.77,624.2,45.69,0,Médio
3781,8820.88,3.18,539.2,68.51,0,Médio
3782,7227.79,9.01,611.7,74.31,0,Médio
3783,11975.03,2.06,538.3,52.64,0,Médio
3784,4937.56,5.02,589.4,64.34,0,Médio
3785,4287.35,4.98,612.6,52.95,1,Baixo
3786,12645.02,7.48,523.9,72.67,0,Médio
3787,7653.23,3.22,694.0,70.47,0,Alto
3788,9361.06,5.7,565.3,11.54,1,Baixo
3789,4262.79,4.36,731.2,35.32,0,Baixo
3790,5376.79,8.96,629.9,0,1,Baixo
3791,5061.85,3.17,490.7,53.02,0,Alto
3792,4919.68,6.95,757.3,42.39,1,Baixo
3793,6028.39,4.65,697.1,55.57,0,Alto
3794,13409.15,3.85,773.2,48.04,0,Médio
3795,2895.08,2.21,671.3,31.98,1,Alto
3796,9039.86,11.58,829.5,71.5,0,Médio
3797,5179.47,0.43,579.3,37.28,0,Médio
3798,3970.88,6.09,609.5,71.71,0,Alto
3799,7737.77,2.6,634.9,40.89,0,Médio
3800,4543.71,7.17,803.2,33.77,1,Médio
3801,4231.75,5.54,691.0,20.51,0,Baixo
3802,7454.13,7.92,612.7,16.73,0,Baixo
3803,7578.99,2.89,530.3,46.65,0,Médio
3804,5300.04,5.56,603.4,31.25,0,Baixo
3805,4700.27,1.46,481.3,37.38,0,Alto
3806,7398.53,0.1,707.8,39.26,0,Médio
3807,8183.85,9.69,750.2,67.23,1,Médio
3808,5269.37,5.35,573.8,45.83,0,Baixo
3809,5728.06,7.43,710.7,67.0,1,Médio
3810,7690.61,5.68,654.3,18.85,0,Médio
3811,5619.87,4.08,637.9,35.05,0,Médio
3812,6915.32,3.53,763.4,58.26,1,Médio
3813,6662.88,0.1,772.2,38.76,1,Médio
3814,6485.93,7.16,591.7,14.04,0,Baixo
3815,5375.31,8.4,531.4,46.5,1,Médio
3816,8198.57,4.15,639.4,64.36,0,Alto
3817,3064.34,4.74,587.0,69.72,0,Médio
3818,5925.5,4.35,660.1,40.49,0,Médio
3819,4917.77,5.23,642.3,19.18,0,Baixo
3820,5092.17,6.7,705.5,34.61,1,Médio
3821,4303.5,4.91,648.3,65.55,0,Médio
3822,13486.11,5.81,601.6,18.94,0,Baixo
3823,3884.05,6.6,616.1,54.15,1,Médio
3824,10677.42,2.53,559.1,68.56,1,Alto
3825,18580.43,4.13,597.8,21.82,0,Baixo
3826,8063.82,5.76,723.6,39.36,1,Baixo
3827,6170.18,6.72,656.6,50.04,1,Médio
3828,3150.58,3.21,645.9,55.67,0,Médio
3829,8532.99,3.43,734.2,37.72,0,Baixo
3830,3847.45,5.66,643.1,39.66,1,Baixo
3831,12460.48,0.1,805.5,59.73,1,Médio
3832,4294.75,1.45,579.9,24.83,0,Médio
3833,4389.41,3.25,693.1,28.76,0,Médio
3834,3530.06,9.07,696.4,12.45,1,Baixo
3835,10587.33,2.71,678.9,39.33,0,Médio
3836,3440.16,5.42,652.0,4.11,1,Baixo
3837,5364.72,4.92,420.8,51.45,0,Alto
3838,7784.34,5.96,662.4,49.72,1,Médio
3839,2671.34,9.6,564.6,74.09,1,Alto
3840,4748.56,5.99,702.8,56.61,0,Médio
3841,11395.16,6.02,567.1,21.38,0,Médio
3842,3705.13,5.13,514.7,64.56,0,Médio
3843,6184.39,8.73,637.6,30.91,1,Baixo
3844,4115.69,4.5,582.7,88.91,0,Alto
3845,7182.51,1.06,638.0,63.38,1,Médio
3846,4029.84,7.31,613.0,70.8,0,Alto
3847,6061.26,2.74,753.4,67.57,1,Alto
3848,5598.46,3.53,493.2,44.78,0,Baixo
3849,4137.36,5.3,668.0,42.81,0,Baixo
3850,2312.08,7.68,603.7,31.69,0,Baixo
3851,2652.24,0.1,542.1,65.01,0,Alto
3852,7575.14,2.0,715.8,45.59,1,Médio
3853,4406.19,9.72,624.5,31.7,0,Baixo
3854,2182.32,0.1,729.8,68.48,0,Alto
3855,3568.97,2.55,522.7,83.73,0,Alto
3856,8688.27,7.62,832.9,70.21,1,Baixo
3857,6839.44,5.97,482.1,54.25,0,Médio
3858,3547.86,0.1,576.6,49.74,0,Médio
3859,4242.37,6.0,610.7,38.88,0,Médio
3860,9257.95,0.1,649.8,68.19,1,Alto
3861,4069.7,7.25,632.6,43.3,0,Baixo
3862,2981.9,9.06,746.1,38.09,1,Baixo
3863,4858.23,7.09,665.6,40.56,1,Baixo
3864,9994.92,2.83,761.5,37.44,1,Alto
3865,2611.43,3.75,565.7,26.34,0,Médio
3866,7787.9,1.96,754.8,63.53,0,Médio
3867,5596.38,5.3,732.2,9.64,1,Baixo
3868,4992.11,5.22,601.8,46.29,0,Médio
3869,15543.61,2.83,669.7,54.28,0,Médio
3870,7647.55,0.79,534.2,31.67,1,Baixo
3871,7486.94,2.02,691.8,72.8,1,Alto
3872,6614.1,1.04,573.2,57.52,1,Médio
3873,6768.79,5.42,607.3,25.34,0,Médio
3874,6434.18,6.68,772.0,82.26,1,Alto
3875,4946.81,0.61,614.9,64.29,1,Alto
3876,4196.27,4.0,575.6,13.84,0,Baixo
3877,9499.24,6.22,688.7,5.51,0,Baixo
3878,5804.26,6.62,652.4,25.19,0,Baixo
3879,5249.68,1.67,545.6,28.47,0,Médio
3880,6145.44,1.28,586.4,36.94,0,Médio
3881,6360.04,5.17,650.7,44.46,0,Médio
3882,13485.3,2.99,595.4,45.19,1,Médio
3883,4410.24,1.46,642.0,60.69,1,Alto
3884,3958.72,1.68,642.7,45.02,0,Médio
3885,5682.22,7.04,603.8,48.45,0,Baixo
3886,4010.52,4.89,622.9,29.88,0,Baixo
3887,3761.86,6.16,529.2,39.52,0,Médio
3888,5954.4,4.74,630.3,26.08,1,Médio
3889,7538.69,2.67,763.9,38.01,0,Baixo
3890,5635.69,5.5,531.7,11.95,0,Baixo
3891,5872.54,11.21,442.2,55.0,0,Baixo
3892,7331.86,5.92,751.7,40.38,1,Baixo
3893,4309.23,1.44,603.8,77.52,1,Alto
3894,12447.89,5.48,867.6,0,1,Baixo
3895,4311.41,4.69,709.2,33.19,0,Médio
3896,4026.55,10.21,517.2,29.5,1,Baixo
3897,6639.3,8.6,677.6,32.74,1,Baixo
3898,5805.47,0.81,569.6,56.47,0,Baixo
3899,10103.77,5.84,829.6,53.69,0,Alto
3900,8522.28,9.07,518.1,64.22,0,Médio
3901,7315.04,2.28,792.6,32.88,1,Médio
3902,2244.15,0.1,594.8,32.9,0,Médio
3903,10035.5,8.14,575.8,40.48,0,Médio
3904,9740.07,5.15,660.7,62.76,1,Médio
3905,8547.86,8.69,558.6,53.19,0,Médio
3906,6616.36,6.73,660.0,60.49,1,Médio
3907,3101.14,2.33,690.8,37.34,0,Médio
3908,7781.37,8.34,573.9,80.08,0,Alto
3909,6961.17,5.81,541.1,29.12,0,Médio
3910,9459.37,4.4,467.8,45.74,0,Médio
3911,9166.18,10.17,532.1,64.46,0,Médio
3912,5467.74,4.46,518.7,25.51,1,Baixo
3913,5050.63,5.71,445.2,39.42,0,Médio
3914,2916.17,10.05,666.9,61.63,0,Médio
3915,7575.46,8.29,381.0,53.56,0,Médio
3916,1734.2,8.17,563.4,31.04,0,Baixo
3917,6005.96,0.44,562.8,20.77,0,Médio
3918,6747.85,2.01,720.7,70.94,1,Médio
3919,8617.47,4.67,571.7,38.05,1,Médio
3920,3452.33,3.15,590.9,37.34,0,Médio
3921,5814.15,6.34,821.7,65.67,1,Médio
3922,5042.34,5.06,501.2,42.63,0,Médio
3923,5216.45,3.37,654.2,56.15,1,Baixo
3924,9562.7,5.66,685.9,0,0,Baixo
3925,4819.2,3.53,652.8,52.03,0,Médio
3926,10416.55,9.61,676.7,65.72,1,Médio
3927,11761.84,0.84,711.4,68.02,1,Médio
3928,4319.35,7.53,674.7,15.36,0,Baixo
3929,6613.57,4.92,556.8,43.83,1,Médio
3930,15181.61,5.51,603.0,78.57,1,Baixo
3931,6322.09,5.52,478.1,42.37,0,Baixo
3932,4388.04,8.73,639.6,52.85,0,Médio
3933,5832.71,4.83,776.9,4.89,1,Baixo
3934,2967.42,11.76,742.9,80.16,0,Baixo
3935,5815.48,4.76,577.5,66.39,0,Alto
3936,7394.37,6.21,659.2,60.13,1,Alto
3937,3385.61,7.58,682.8,38.23,1,Baixo
3938,2518.45,0.1,548.4,25.19,0,Médio
3939,5160.49,9.2,580.4,24.21,0,Baixo
3940,5614.22,6.81,649.3,52.88,0,Médio
3941,8236.9,4.92,673.2,35.25,0,Baixo
3942,3724.88,3.41,479.8,36.28,0,Baixo
3943,8529.87,11.38,539.9,44.28,0,Baixo
3944,3063.05,5.61,638.7,26.68,0,Baixo
3945,2079.11,3.64,696.9,37.77,0,Médio
3946,6113.99,7.04,572.3,25.96,0,Baixo
3947,12191.25,2.76,600.3,47.31,1,Médio
3948,7141.35,3.57,300,53.67,0,Médio
3949,4797.82,2.27,766.9,54.91,0,Médio
3950,5765.18,6.02,422.2,61.64,0,Alto
3951,4600.35,8.28,555.6,30.59,0,Baixo
3952,4628.19,5.54,723.3,40.07,0,Médio
3953,8956.66,4.9,529.5,51.31,0,Médio
3954,6724.37,0.92,747.7,72.82,1,Alto
3955,8072.86,0.1,396.4,23.62,0,Médio
3956,6854.99,0.1,711.3,5.75,1,Baixo
3957,12453.27,9.09,696.1,46.27,1,Médio
3958,10317.72,9.14,654.8,59.81,0,Baixo
3959,8783.58,0.1,624.6,66.87,0,Alto
3960,8075.04,1.16,650.5,0,1,Baixo
3961,8751.53,6.11,511.6,89.11,0,Alto
3962,6175.9,6.53,578.3,100,0,Alto
3963,5272.29,3.12,627.5,49.32,0,Médio
3964,11315.31,4.99,545.3,23.3,0,Baixo
3965,8670.67,7.33,662.5,77.23,1,Alto
3966,5868.39,7.25,639.2,36.33,1,Médio
3967,3437.46,4.58,641.1,82.38,0,Alto
3968,6547.08,2.81,719.4,12.83,0,Baixo
3969,5668.01,0.1,767.9,51.97,1,Médio
3970,10890.01,1.47,692.8,43.74,0,Médio
3971,5075.91,1.87,520.5,41.45,0,Médio
3972,3658.9,9.67,601.1,100,0,Alto
3973,7041.93,4.52,506.3,0,1,Baixo
3974,6510.22,6.51,658.2,40.63,0,Baixo
3975,4169.2,4.07,801.6,0,1,Baixo
3976,6527.34,5.47,836.6,4.77,1,Baixo
3977,8707.93,0.1,556.0,33.31,0,Médio
3978,4689.95,3.61,673.6,66.78,0,Médio
3979,6300.34,0.1,691.7,78.41,1,Alto
3980,5194.96,3.75,733.8,31.53,0,Médio
3981,4156.25,0.1,635.2,25.95,0,Baixo
3982,10547.73,4.12,548.7,30.9,0,Baixo
3983,7865.36,5.31,752.0,62.45,1,Alto
3984,9998.52,4.01,584.2,32.32,1,Baixo
3985,13131.68,0.27,600.7,99.14,1,Alto
3986,6649.65,0.1,603.7,86.49,0,Alto
3987,3563.44,2.9,597.2,37.46,0,Médio
3988,7407.39,4.83,618.6,46.21,0,Médio
3989,4418.23,4.88,625.4,67.37,1,Baixo
3990,2188.72,4.55,666.3,64.3,0,Alto
3991,6236.38,2.97,663.3,41.58,1,Médio
3992,4710.03,0.1,769.3,64.45,0,Alto
3993,6438.67,10.1,808.8,28.4,1,Baixo
3994,8402.1,8.81,533.6,83.22,0,Médio
3995,3080.27,6.23,608.3,26.96,0,Médio
3996,6871.56,3.06,673.2,100,1,Alto
3997,2385.2,4.58,626.2,54.51,1,Médio
3998,4840.75,10.03,651.3,28.71,0,Baixo
3999,6586.7,5.86,550.8,39.95,0,Baixo
4000,4648.29,6.41,761.2,33.77,1,Alto
